Workbook

Sheet Employees
A1: بيانات الموظفين - أبريل 2025
A2: شهر العمل: أبريل | أيام العمل: 27 يوم
A3: كود الموظف | B3: اسم الموظف | C3: الوظيفة | D3: المرتب الشهري | E3: أيام العمل | F3: ساعات العمل اليومية | G3: ميعاد الحضور | H3: ميعاد الانصراف | I3: أجر اليوم | J3: أجر الساعة
A4: EMP-001 | B4: احمد خالد | C4: مدير مبيعات | D4: 10000 | E4: 27 | F4: 10 | G4: 0.5 | H4: 0.91666667 | I4: =D4/27 -> 370.37037 | J4: =I4/F4 -> 37.037037
A5: EMP-002 | B5: هشام عادل | C5: مدير مبيعات | D5: 9000 | E5: 27 | F5: 9 | G5: 0.41666667 | H5: 0.79166667 | I5: =D5/27 -> 333.33333 | J5: =I5/F5 -> 37.037037
A6: EMP-003 | B6: احمد الشاذلى | C6: مبيعات | D6: 7000 | E6: 27 | F6: 9 | G6: 0.41666667 | H6: 0.79166667 | I6: =D6/27 -> 259.25926 | J6: =I6/F6 -> 28.806584
A7: EMP-004 | B7: يوسف احمد | C7: مبيعات | D7: 7000 | E7: 27 | F7: 12 | G7: 0.41666667 | H7: 0.91666667 | I7: =D7/27 -> 259.25926 | J7: =I7/F7 -> 21.604938
A8: EMP-005 | B8: محمد السيد | C8: مبيعات | D8: 7000 | E8: 27 | F8: 12 | G8: 0.41666667 | H8: 0.91666667 | I8: =D8/27 -> 259.25926 | J8: =I8/F8 -> 21.604938
A9: EMP-006 | B9: يحي طارق | C9: مبيعات | D9: 7000 | E9: 27 | F9: 12 | G9: 0.41666667 | H9: 0.91666667 | I9: =D9/27 -> 259.25926 | J9: =I9/F9 -> 21.604938
A10: EMP-007 | B10: عابدين محمد | C10: مبيعات | D10: 7000 | E10: 27 | F10: 12 | G10: 0.41666667 | H10: 0.91666667 | I10: =D10/27 -> 259.25926 | J10: =I10/F10 -> 21.604938
A11: EMP-008 | B11: احمد رمصان | C11: مبيعات | D11: 7000 | E11: 27 | F11: 10 | G11: 0.5 | H11: 0.91666667 | I11: =D11/27 -> 259.25926 | J11: =I11/F11 -> 25.925926
A12: EMP-009 | B12: هشام اشرف | C12: مبيعات | D12: 7000 | E12: 27 | F12: 12 | G12: 0.41666667 | H12: 0.91666667 | I12: =D12/27 -> 259.25926 | J12: =I12/F12 -> 21.604938
A13: EMP-010 | B13: محمود اسماعيل | C13: مبيعات | D13: 7000 | E13: 27 | F13: 7 | G13: 0.625 | H13: 0.91666667 | I13: =D13/27 -> 259.25926 | J13: =I13/F13 -> 37.037037
A14: EMP-011 | B14: ابراهيم خليفة | C14: مبيعات | D14: 7000 | E14: 27 | F14: 12 | G14: 0.41666667 | H14: 0.91666667 | I14: =D14/27 -> 259.25926 | J14: =I14/F14 -> 21.604938
A15: EMP-012 | B15: طارق سعد | C15: مبيعات | D15: 7000 | E15: 27 | F15: 12 | G15: 09:00 AM | H15: 05:00 PM | I15: =D15/27 -> 259.25926 | J15: =I15/F15 -> 21.604938
A16: EMP-013 | B16: مؤمن جاد | C16: مبيعات | D16: 7000 | E16: 27 | F16: 10 | G16: 09:00 AM | H16: 05:00 PM | I16: =D16/27 -> 259.25926 | J16: =I16/F16 -> 25.925926
A17: EMP-014 | B17: محمد حسين | C17: حسابات | D17: 11000 | E17: 27 | F17: 10 | G17: 0.5 | H17: 0.91666667 | I17: =D17/27 -> 407.40741 | J17: =I17/F17 -> 40.740741
A18: EMP-015 | B18: معتز شوقى | C18: حسابات | D18: 11000 | E18: 27 | F18: 10 | G18: 0.5 | H18: 0.91666667 | I18: =D18/27 -> 407.40741 | J18: =I18/F18 -> 40.740741
A19: EMP-016 | B19: احمد عزت | C19: حسابات | D19: 9000 | E19: 27 | F19: 9 | G19: 0.5 | H19: 0.875 | I19: =D19/27 -> 333.33333 | J19: =I19/F19 -> 37.037037
A20: EMP-017 | B20: احمد جمعه | C20: حسابات | D20: 9000 | E20: 27 | F20: 12 | G20: 0.41666667 | H20: 0.91666667 | I20: =D20/27 -> 333.33333 | J20: =I20/F20 -> 27.777778
A21: EMP-018 | B21: محمد سمير | C21: حسابات | D21: 9000 | E21: 27 | F21: 12 | G21: 0.41666667 | H21: 0.91666667 | I21: =D21/27 -> 333.33333 | J21: =I21/F21 -> 27.777778
A22: EMP-019 | B22: احمد سمير | C22: حسابات | D22: 7000 | E22: 27 | F22: 12 | G22: 0.41666667 | H22: 0.91666667 | I22: =D22/27 -> 259.25926 | J22: =I22/F22 -> 21.604938
A23: EMP-020 | B23: محمد عبد الكريم | C23: حسابات | D23: 7000 | E23: 27 | F23: 12 | G23: 0.41666667 | H23: 0.91666667 | I23: =D23/27 -> 259.25926 | J23: =I23/F23 -> 21.604938
A24: EMP-021 | B24: عبدالرحمن على | C24: حسابات | D24: 7000 | E24: 27 | F24: 12 | G24: 0.41666667 | H24: 0.91666667 | I24: =D24/27 -> 259.25926 | J24: =I24/F24 -> 21.604938
A25: EMP-022 | B25: مصطفى شريف | C25: اداره | D25: 12000 | E25: 27 | F25: 12 | G25: 0.41666667 | H25: 0.91666667 | I25: =D25/27 -> 444.44444 | J25: =I25/F25 -> 37.037037
A26: EMP-023 | B26: احمد اشرف | C26: اداره | D26: 12000 | E26: 27 | F26: 12 | G26: 0.41666667 | H26: 0.91666667 | I26: =D26/27 -> 444.44444 | J26: =I26/F26 -> 37.037037
A27: EMP-024 | B27: منى ناصر | C27: تسويق | D27: 10500 | E27: 27 | F27: 12 | G27: 0.41666667 | H27: 0.91666667 | I27: =D27/27 -> 388.88889 | J27: =I27/F27 -> 32.407407
A28: EMP-025 | B28: مريم فتح الله | C28: تسويق | D28: 10500 | E28: 27 | F28: 12 | G28: 0.41666667 | H28: 0.91666667 | I28: =D28/27 -> 388.88889 | J28: =I28/F28 -> 32.407407
... A33: EMP-030 | B33: محمد طارق | C33: تسويق | D33: 9500 | E33: 27 | F33: 12 | G33: 0.41666667 | H33: 0.91666667 | I33: =D33/27 -> 351.85185 | J33: =I33/F33 -> 29.320988
A34: EMP-031 | B34: انس انور | C34: اداره | D34: 12000 | E34: 27 | F34: 9 | G34: 09:00 AM | H34: 05:00 PM | I34: =D34/27 -> 444.44444 | J34: =I34/F34 -> 49.382716
A35: EMP-032 | B35: مراون عادل | C35: اداره | D35: 12000 | E35: 27 | F35: 12 | G35: 09:00 AM | H35: 05:00 PM | I35: =D35/27 -> 444.44444 | J35: =I35/F35 -> 37.037037
A36: EMP-033 | B36: سعد محمد | C36: اداره | D36: 12000 | E36: 27 | F36: 8 | G36: 0.41666667 | H36: 0.75 | I36: =D36/27 -> 444.44444 | J36: =I36/F36 -> 55.555556

Sheet Attendance
A1: سجل الحضور والانصراف - أبريل 2025
A2: التاريخ | B2: اليوم | C2: كود الموظف | D2: اسم الموظف | E2: وقت الحضور | F2: وقت الانصراف | G2: حالة اليوم | H2: C/IN | I2: C/OUT | J2: حضور مبكر | K2: اجر الحضور المبكر | L2: ساعات التأخير | M2: خصم التأخير | N2: ساعات الأوفر تايم | O2: أجر الأوفر تايم | P2: خصم الغياب
A3: 📌 قاعدة التأخير: سماح 30 دقيقة، بعدها يُحسب ساعة كاملة | قاعدة الأوفر تايم: أول 30 دقيقة لا تُحسب، بعدها ساعة كاملة
A4: 01/04/2025 | B4: الاربعاء | C4: EMP-001 | D4: =VLOOKUP(C4,Employees!A:J,2,0) -> احمد خالد | E4: 0.45833333 | F4: 0.875 | G4: حضور | H4: =E4 -> 0.45833333 | I4: =F4 -> 0.875 | J4: =IF(OR(H4="",G4="غياب",G4="إجازة أسبوعية"),0, IF(H4>=E4-TIME(0,20,0),0, IF(H4>=E4-TIME(0,30,0),30,(E4-H4)*1440))) -> 0 | K4: =(J4/60)*VLOOKUP(C4,Employees!1:1048576,10,0)*1.5 -> 0 | L4: =IF(OR(H4="",G4="غياب",G4="إجازة أسبوعية"),0, IF(H4<=E4+TIME(0,30,0),0, 30+((H4-(E4+TIME(0,30,0)))*1440))) -> 0 | M4: =(L4/60)*VLOOKUP(C4,Employees!A:J,10,0)*2 -> 0 | N4: =IF(OR(I4="",G4="غياب",G4="إجازة أسبوعية",I4<=F4),0, IF(MOD(I4-F4,1)<=TIME(0,25,0),0,MAX(0,(I4-F4)*1440))) -> 0 | O4: =(N4/60)*VLOOKUP(C4,Employees!A:J,10,0)*1.5 -> 0 | P4: =IF(G4="غياب",VLOOKUP(C4,Employees!$A$3:$J$36,9,FALSE()),0) -> 0
A5: 02/04/2025 | B5: الخميس | C5: EMP-001 | D5: =VLOOKUP(C5,Employees!A:J,2,0) -> احمد خالد | E5: 0.45833333 | F5: 0.875 | G5: حضور | H5: =E5 -> 0.45833333 | I5: =F5 -> 0.875 | J5: =IF(OR(H5="",G5="غياب",G5="إجازة أسبوعية"),0, IF(H5>=E5-TIME(0,20,0),0, IF(H5>=E5-TIME(0,30,0),30,(E5-H5)*1440))) -> 0 | K5: =(J5/60)*VLOOKUP(C5,Employees!A:J,10,0)*1.5 -> 0 | L5: =IF(OR(H5="",G5="غياب",G5="إجازة أسبوعية"),0, IF(H5<=E5+TIME(0,30,0),0, 30+((H5-(E5+TIME(0,30,0)))*1440))) -> 0 | M5: =(L5/60)*VLOOKUP(C5,Employees!A:J,10,0)*2 -> 0 | N5: =IF(OR(I5="",G5="غياب",G5="إجازة أسبوعية",I5<=F5),0, IF(MOD(I5-F5,1)<=TIME(0,25,0),0,MAX(0,(I5-F5)*1440))) -> 0 | O5: =(N5/60)*VLOOKUP(C5,Employees!A:J,10,0)*1.5 -> 0 | P5: =IF(G5="غياب",VLOOKUP(C5,Employees!$A$3:$J$36,9,FALSE()),0) -> 0
A6: 03/04/2025 | B6: الجمعه | C6: EMP-001 | D6: =VLOOKUP(C6,Employees!A:J,2,0) -> احمد خالد | E6: 0.45833333 | F6: 0.875 | G6: حضور | H6: =E6 -> 0.45833333 | I6: =F6 -> 0.875 | J6: =IF(OR(H6="",G6="غياب",G6="إجازة أسبوعية"),0, IF(H6>=E6-TIME(0,20,0),0, IF(H6>=E6-TIME(0,30,0),30,(E6-H6)*1440))) -> 0 | K6: =(J6/60)*VLOOKUP(C6,Employees!A:J,10,0)*1.5 -> 0 | L6: =IF(OR(H6="",G6="غياب",G6="إجازة أسبوعية"),0, IF(H6<=E6+TIME(0,30,0),0, 30+((H6-(E6+TIME(0,30,0)))*1440))) -> 0 | M6: =(L6/60)*VLOOKUP(C6,Employees!A:J,10,0)*2 -> 0 | N6: =IF(OR(I6="",G6="غياب",G6="إجازة أسبوعية",I6<=F6),0, IF(MOD(I6-F6,1)<=TIME(0,25,0),0,MAX(0,(I6-F6)*1440))) -> 0 | O6: =(N6/60)*VLOOKUP(C6,Employees!A:J,10,0)*1.5 -> 0 | P6: =IF(G6="غياب",VLOOKUP(C6,Employees!$A$3:$J$36,9,FALSE()),0) -> 0
A7: 04/04/2025 | B7: السبت | C7: EMP-001 | D7: =VLOOKUP(C7,Employees!A:J,2,0) -> احمد خالد | E7: 0.45833333 | F7: 0.875 | G7: حضور | H7: =E7 -> 0.45833333 | I7: =F7 -> 0.875 | J7: =IF(OR(H7="",G7="غياب",G7="إجازة أسبوعية"),0, IF(H7>=E7-TIME(0,20,0),0, IF(H7>=E7-TIME(0,30,0),30,(E7-H7)*1440))) -> 0 | K7: =(J7/60)*VLOOKUP(C7,Employees!A:J,10,0)*1.5 -> 0 | L7: =IF(OR(H7="",G7="غياب",G7="إجازة أسبوعية"),0, IF(H7<=E7+TIME(0,30,0),0, 30+((H7-(E7+TIME(0,30,0)))*1440))) -> 0 | M7: =(L7/60)*VLOOKUP(C7,Employees!A:J,10,0)*2 -> 0 | N7: =IF(OR(I7="",G7="غياب",G7="إجازة أسبوعية",I7<=F7),0, IF(MOD(I7-F7,1)<=TIME(0,25,0),0,MAX(0,(I7-F7)*1440))) -> 0 | O7: =(N7/60)*VLOOKUP(C7,Employees!A:J,10,0)*1.5 -> 0 | P7: =IF(G7="غياب",VLOOKUP(C7,Employees!$A$3:$J$36,9,FALSE()),0) -> 0
A8: 05/04/2025 | B8: الاحد | C8: EMP-001 | D8: =VLOOKUP(C8,Employees!A:J,2,0) -> احمد خالد | E8: _ | F8: _ | G8: اجازة اسبوعية | H8: _ | I8: _ | J8: _ | K8: _ | L8: _ | M8: _ | N8: _ | O8: _ | P8: =IF(G8="غياب",VLOOKUP(C8,Employees!$A$3:$J$36,9,FALSE()),0) -> 0
A9: 06/04/2025 | B9: الاثنين | C9: EMP-001 | D9: =VLOOKUP(C9,Employees!A:J,2,0) -> احمد خالد | E9: 0.45833333 | F9: 0.875 | G9: حضور | H9: =E9 -> 0.45833333 | I9: =F9 -> 0.875 | J9: =IF(OR(H9="",G9="غياب",G9="إجازة أسبوعية"),0, IF(H9>=E9-TIME(0,20,0),0, IF(H9>=E9-TIME(0,30,0),30,(E9-H9)*1440))) -> 0 | K9: =(J9/60)*VLOOKUP(C9,Employees!A:J,10,0)*1.5 -> 0 | L9: =IF(OR(H9="",G9="غياب",G9="إجازة أسبوعية"),0, IF(H9<=E9+TIME(0,30,0),0, 30+((H9-(E9+TIME(0,30,0)))*1440))) -> 0 | M9: =(L9/60)*VLOOKUP(C9,Employees!A:J,10,0)*2 -> 0 | N9: =IF(OR(I9="",G9="غياب",G9="إجازة أسبوعية",I9<=F9),0, IF(MOD(I9-F9,1)<=TIME(0,25,0),0,MAX(0,(I9-F9)*1440))) -> 0 | O9: =(N9/60)*VLOOKUP(C9,Employees!A:J,10,0)*1.5 -> 0 | P9: =IF(G9="غياب",VLOOKUP(C9,Employees!$A$3:$J$36,9,FALSE()),0) -> 0
A10: 07/04/2025 | B10: الثلاثاء | C10: EMP-001 | D10: =VLOOKUP(C10,Employees!A:J,2,0) -> احمد خالد | E10: 0.45833333 | F10: 0.875 | G10: حضور | H10: =E10 -> 0.45833333 | I10: =F10 -> 0.875 | J10: =IF(OR(H10="",G10="غياب",G10="إجازة أسبوعية"),0, IF(H10>=E10-TIME(0,20,0),0, IF(H10>=E10-TIME(0,30,0),30,(E10-H10)*1440))) -> 0 | K10: =(J10/60)*VLOOKUP(C10,Employees!A:J,10,0)*1.5 -> 0 | L10: =IF(OR(H10="",G10="غياب",G10="إجازة أسبوعية"),0, IF(H10<=E10+TIME(0,30,0),0, 30+((H10-(E10+TIME(0,30,0)))*1440))) -> 0 | M10: =(L10/60)*VLOOKUP(C10,Employees!A:J,10,0)*2 -> 0 | N10: =IF(OR(I10="",G10="غياب",G10="إجازة أسبوعية",I10<=F10),0, IF(MOD(I10-F10,1)<=TIME(0,25,0),0,MAX(0,(I10-F10)*1440))) -> 0 | O10: =(N10/60)*VLOOKUP(C10,Employees!A:J,10,0)*1.5 -> 0 | P10: =IF(G10="غياب",VLOOKUP(C10,Employees!$A$3:$J$36,9,FALSE()),0) -> 0
A11: 08/04/2025 | B11: الاربعاء | C11: EMP-001 | D11: =VLOOKUP(C11,Employees!A:J,2,0) -> احمد خالد | E11: 0.45833333 | F11: 0.875 | G11: حضور | H11: =E11 -> 0.45833333 | I11: =F11 -> 0.875 | J11: =IF(OR(H11="",G11="غياب",G11="إجازة أسبوعية"),0, IF(H11>=E11-TIME(0,20,0),0, IF(H11>=E11-TIME(0,30,0),30,(E11-H11)*1440))) -> 0 | K11: =(J11/60)*VLOOKUP(C11,Employees!A:J,10,0)*1.5 -> 0 | L11: =IF(OR(H11="",G11="غياب",G11="إجازة أسبوعية"),0, IF(H11<=E11+TIME(0,30,0),0, 30+((H11-(E11+TIME(0,30,0)))*1440))) -> 0 | M11: =(L11/60)*VLOOKUP(C11,Employees!A:J,10,0)*2 -> 0 | N11: =IF(OR(I11="",G11="غياب",G11="إجازة أسبوعية",I11<=F11),0, IF(MOD(I11-F11,1)<=TIME(0,25,0),0,MAX(0,(I11-F11)*1440))) -> 0 | O11: =(N11/60)*VLOOKUP(C11,Employees!A:J,10,0)*1.5 -> 0 | P11: =IF(G11="غياب",VLOOKUP(C11,Employees!$A$3:$J$36,9,FALSE()),0) -> 0
A12: 09/04/2025 | B12: الخميس | C12: EMP-001 | D12: =VLOOKUP(C12,Employees!A:J,2,0) -> احمد خالد | E12: 0.45833333 | F12: 0.875 | G12: حضور | H12: =E12 -> 0.45833333 | I12: =F12 -> 0.875 | J12: =IF(OR(H12="",G12="غياب",G12="إجازة أسبوعية"),0, IF(H12>=E12-TIME(0,20,0),0, IF(H12>=E12-TIME(0,30,0),30,(E12-H12)*1440))) -> 0 | K12: =(J12/60)*VLOOKUP(C12,Employees!A:J,10,0)*1.5 -> 0 | L12: =IF(OR(H12="",G12="غياب",G12="إجازة أسبوعية"),0, IF(H12<=E12+TIME(0,30,0),0, 30+((H12-(E12+TIME(0,30,0)))*1440))) -> 0 | M12: =(L12/60)*VLOOKUP(C12,Employees!A:J,10,0)*2 -> 0 | N12: =IF(OR(I12="",G12="غياب",G12="إجازة أسبوعية",I12<=F12),0, IF(MOD(I12-F12,1)<=TIME(0,25,0),0,MAX(0,(I12-F12)*1440))) -> 0 | O12: =(N12/60)*VLOOKUP(C12,Employees!A:J,10,0)*1.5 -> 0 | P12: =IF(G12="غياب",VLOOKUP(C12,Employees!$A$3:$J$36,9,FALSE()),0) -> 0
A13: 10/04/2025 | B13: الجمعه | C13: EMP-001 | D13: =VLOOKUP(C13,Employees!A:J,2,0) -> احمد خالد | E13: 0.5 | F13: 0.875 | G13: حضور | H13: =E13 -> 0.5 | I13: =F13 -> 0.875 | J13: =IF(OR(H13="",G13="غياب",G13="إجازة أسبوعية"),0, IF(H13>=E13-TIME(0,20,0),0, IF(H13>=E13-TIME(0,30,0),30,(E13-H13)*1440))) -> 0 | K13: =(J13/60)*VLOOKUP(C13,Employees!A:J,10,0)*1.5 -> 0 | L13: =IF(OR(H13="",G13="غياب",G13="إجازة أسبوعية"),0, IF(H13<=E13+TIME(0,30,0),0, 30+((H13-(E13+TIME(0,30,0)))*1440))) -> 0 | M13: =(L13/60)*VLOOKUP(C13,Employees!A:J,10,0)*2 -> 0 | N13: =IF(OR(I13="",G13="غياب",G13="إجازة أسبوعية",I13<=F13),0, IF(MOD(I13-F13,1)<=TIME(0,25,0),0,MAX(0,(I13-F13)*1440))) -> 0 | O13: =(N13/60)*VLOOKUP(C13,Employees!A:J,10,0)*1.5 -> 0 | P13: =IF(G13="غياب",VLOOKUP(C13,Employees!$A$3:$J$36,9,FALSE()),0) -> 0
A14: 11/04/2025 | B14: السبت | C14: EMP-001 | D14: =VLOOKUP(C14,Employees!A:J,2,0) -> احمد خالد | E14: 0.5 | F14: 0.91666667 | G14: حضور | H14: =E14 -> 0.5 | I14: =F14 -> 0.91666667 | J14: =IF(OR(H14="",G14="غياب",G14="إجازة أسبوعية"),0, IF(H14>=E14-TIME(0,20,0),0, IF(H14>=E14-TIME(0,30,0),30,(E14-H14)*1440))) -> 0 | K14: =(J14/60)*VLOOKUP(C14,Employees!A:J,10,0)*1.5 -> 0 | L14: =IF(OR(H14="",G14="غياب",G14="إجازة أسبوعية"),0, IF(H14<=E14+TIME(0,30,0),0, 30+((H14-(E14+TIME(0,30,0)))*1440))) -> 0 | M14: =(L14/60)*VLOOKUP(C14,Employees!A:J,10,0)*2 -> 0 | N14: =IF(OR(I14="",G14="غياب",G14="إجازة أسبوعية",I14<=F14),0, IF(MOD(I14-F14,1)<=TIME(0,25,0),0,MAX(0,(I14-F14)*1440))) -> 0 | O14: =(N14/60)*VLOOKUP(C14,Employees!A:J,10,0)*1.5 -> 0 | P14: =IF(G14="غياب",VLOOKUP(C14,Employees!$A$3:$J$36,9,FALSE()),0) -> 0
A15: 12/04/2025 | B15: الاحد | C15: EMP-001 | D15: =VLOOKUP(C15,Employees!A:J,2,0) -> احمد خالد | E15: _ | F15: _ | G15: اجازة اسبوعية | H15: _ | I15: _ | J15: _ | K15: _ | L15: _ | M15: _ | N15: _ | O15: _ | P15: =IF(G15="غياب",VLOOKUP(C15,Employees!$A$3:$J$36,9,FALSE()),0) -> 0
A16: 13/04/2025 | B16: الاثنين | C16: EMP-001 | D16: =VLOOKUP(C16,Employees!A:J,2,0) -> احمد خالد | E16: _ | F16: _ | G16: اجازة اسبوعية | H16: _ | I16: _ | J16: _ | K16: _ | L16: _ | M16: _ | N16: _ | O16: _ | P16: =IF(G16="غياب",VLOOKUP(C16,Employees!$A$3:$J$36,9,FALSE()),0) -> 0
A17: 14/04/2025 | B17: الثلاثاء | C17: EMP-001 | D17: =VLOOKUP(C17,Employees!A:J,2,0) -> احمد خالد | E17: 0.5 | F17: 0.91666667 | G17: حضور | H17: =E17 -> 0.5 | I17: =F17 -> 0.91666667 | J17: =IF(OR(H17="",G17="غياب",G17="إجازة أسبوعية"),0, IF(H17>=E17-TIME(0,20,0),0, IF(H17>=E17-TIME(0,30,0),30,(E17-H17)*1440))) -> 0 | K17: =(J17/60)*VLOOKUP(C17,Employees!A:J,10,0)*1.5 -> 0 | L17: =IF(OR(H17="",G17="غياب",G17="إجازة أسبوعية"),0, IF(H17<=E17+TIME(0,30,0),0, 30+((H17-(E17+TIME(0,30,0)))*1440))) -> 0 | M17: =(L17/60)*VLOOKUP(C17,Employees!A:J,10,0)*2 -> 0 | N17: =IF(OR(I17="",G17="غياب",G17="إجازة أسبوعية",I17<=F17),0, IF(MOD(I17-F17,1)<=TIME(0,25,0),0,MAX(0,(I17-F17)*1440))) -> 0 | O17: =(N17/60)*VLOOKUP(C17,Employees!A:J,10,0)*1.5 -> 0 | P17: =IF(G17="غياب",VLOOKUP(C17,Employees!$A$3:$J$36,9,FALSE()),0) -> 0
A18: 15/04/2025 | B18: الاربعاء | C18: EMP-001 | D18: =VLOOKUP(C18,Employees!A:J,2,0) -> احمد خالد | E18: 0.5 | F18: 0.91666667 | G18: حضور | H18: _ | I18: _ | J18: =IF(OR(G18="غياب",G18="إجازة أسبوعية"),0, IF(H18>=E18-TIME(0,20,0),0, IF(H18>=E18-TIME(0,30,0),30,(E18-H18)*1440))) -> 0 | K18: =(J18/60)*VLOOKUP(C18,Employees!A:J,10,0)*1.5 -> 0 | L18: _ | M18: _ | N18: _ | O18: _ | P18: =IF(G18="غياب",VLOOKUP(C18,Employees!$A$3:$J$36,9,FALSE()),0) -> 0
A19: 16/04/2025 | B19: الخميس | C19: EMP-001 | D19: =VLOOKUP(C19,Employees!A:J,2,0) -> احمد خالد | E19: 0.5 | F19: 0.91666667 | G19: حضور | H19: =E19 -> 0.5 | I19: =F19 -> 0.91666667 | J19: =IF(OR(H19="",G19="غياب",G19="إجازة أسبوعية"),0, IF(H19>=E19-TIME(0,20,0),0, IF(H19>=E19-TIME(0,30,0),30,(E19-H19)*1440))) -> 0 | K19: =(J19/60)*VLOOKUP(C19,Employees!A:J,10,0)*1.5 -> 0 | L19: =IF(OR(H19="",G19="غياب",G19="إجازة أسبوعية"),0, IF(H19<=E19+TIME(0,30,0),0, 30+((H19-(E19+TIME(0,30,0)))*1440))) -> 0 | M19: =(L19/60)*VLOOKUP(C19,Employees!A:J,10,0)*2 -> 0 | N19: =IF(OR(I19="",G19="غياب",G19="إجازة أسبوعية",I19<=F19),0, IF(MOD(I19-F19,1)<=TIME(0,25,0),0,MAX(0,(I19-F19)*1440))) -> 0 | O19: =(N19/60)*VLOOKUP(C19,Employees!A:J,10,0)*1.5 -> 0 | P19: =IF(G19="غياب",VLOOKUP(C19,Employees!$A$3:$J$36,9,FALSE()),0) -> 0
A20: 17/04/2025 | B20: الجمعه | C20: EMP-001 | D20: =VLOOKUP(C20,Employees!A:J,2,0) -> احمد خالد | E20: 0.5 | F20: 0.91666667 | G20: حضور | H20: =E20 -> 0.5 | I20: =F20 -> 0.91666667 | J20: =IF(OR(H20="",G20="غياب",G20="إجازة أسبوعية"),0, IF(H20>=E20-TIME(0,20,0),0, IF(H20>=E20-TIME(0,30,0),30,(E20-H20)*1440))) -> 0 | K20: =(J20/60)*VLOOKUP(C20,Employees!A:J,10,0)*1.5 -> 0 | L20: =IF(OR(H20="",G20="غياب",G20="إجازة أسبوعية"),0, IF(H20<=E20+TIME(0,30,0),0, 30+((H20-(E20+TIME(0,30,0)))*1440))) -> 0 | M20: =(L20/60)*VLOOKUP(C20,Employees!A:J,10,0)*2 -> 0 | N20: =IF(OR(I20="",G20="غياب",G20="إجازة أسبوعية",I20<=F20),0, IF(MOD(I20-F20,1)<=TIME(0,25,0),0,MAX(0,(I20-F20)*1440))) -> 0 | O20: =(N20/60)*VLOOKUP(C20,Employees!A:J,10,0)*1.5 -> 0 | P20: =IF(G20="غياب",VLOOKUP(C20,Employees!$A$3:$J$36,9,FALSE()),0) -> 0
A21: 18/04/2025 | B21: السبت | C21: EMP-001 | D21: =VLOOKUP(C21,Employees!A:J,2,0) -> احمد خالد | E21: 0.5 | F21: 0.91666667 | G21: حضور | H21: =E21 -> 0.5 | I21: =F21 -> 0.91666667 | J21: =IF(OR(H21="",G21="غياب",G21="إجازة أسبوعية"),0, IF(H21>=E21-TIME(0,20,0),0, IF(H21>=E21-TIME(0,30,0),30,(E21-H21)*1440))) -> 0 | K21: =(J21/60)*VLOOKUP(C21,Employees!A:J,10,0)*1.5 -> 0 | L21: =IF(OR(H21="",G21="غياب",G21="إجازة أسبوعية"),0, IF(H21<=E21+TIME(0,30,0),0, 30+((H21-(E21+TIME(0,30,0)))*1440))) -> 0 | M21: =(L21/60)*VLOOKUP(C21,Employees!A:J,10,0)*2 -> 0 | N21: =IF(OR(I21="",G21="غياب",G21="إجازة أسبوعية",I21<=F21),0, IF(MOD(I21-F21,1)<=TIME(0,25,0),0,MAX(0,(I21-F21)*1440))) -> 0 | O21: =(N21/60)*VLOOKUP(C21,Employees!A:J,10,0)*1.5 -> 0 | P21: =IF(G21="غياب",VLOOKUP(C21,Employees!$A$3:$J$36,9,FALSE()),0) -> 0
A22: 19/04/2025 | B22: الاحد | C22: EMP-001 | D22: =VLOOKUP(C22,Employees!A:J,2,0) -> احمد خالد | E22: _ | F22: _ | G22: اجازة اسبوعية | H22: _ | I22: _ | J22: _ | K22: _ | L22: _ | M22: _ | N22: _ | O22: _ | P22: =IF(G22="غياب",VLOOKUP(C22,Employees!$A$3:$J$36,9,FALSE()),0) -> 0
A23: 20/04/2025 | B23: الاثنين | C23: EMP-001 | D23: =VLOOKUP(C23,Employees!A:J,2,0) -> احمد خالد | E23: 0.5 | F23: 0.91666667 | G23: حضور | H23: =E23 -> 0.5 | I23: =F23 -> 0.91666667 | J23: =IF(OR(H23="",G23="غياب",G23="إجازة أسبوعية"),0, IF(H23>=E23-TIME(0,20,0),0, IF(H23>=E23-TIME(0,30,0),30,(E23-H23)*1440))) -> 0 | K23: =(J23/60)*VLOOKUP(C23,Employees!A:J,10,0)*1.5 -> 0 | L23: =IF(OR(H23="",G23="غياب",G23="إجازة أسبوعية"),0, IF(H23<=E23+TIME(0,30,0),0, 30+((H23-(E23+TIME(0,30,0)))*1440))) -> 0 | M23: =(L23/60)*VLOOKUP(C23,Employees!A:J,10,0)*2 -> 0 | N23: =IF(OR(I23="",G23="غياب",G23="إجازة أسبوعية",I23<=F23),0, IF(MOD(I23-F23,1)<=TIME(0,25,0),0,MAX(0,(I23-F23)*1440))) -> 0 | O23: =(N23/60)*VLOOKUP(C23,Employees!A:J,10,0)*1.5 -> 0 | P23: =IF(G23="غياب",VLOOKUP(C23,Employees!$A$3:$J$36,9,FALSE()),0) -> 0
A24: 21/04/2025 | B24: الثلاثاء | C24: EMP-001 | D24: =VLOOKUP(C24,Employees!A:J,2,0) -> احمد خالد | E24: 0.5 | F24: 0.91666667 | G24: حضور | H24: =E24 -> 0.5 | I24: =F24 -> 0.91666667 | J24: =IF(OR(H24="",G24="غياب",G24="إجازة أسبوعية"),0, IF(H24>=E24-TIME(0,20,0),0, IF(H24>=E24-TIME(0,30,0),30,(E24-H24)*1440))) -> 0 | K24: =(J24/60)*VLOOKUP(C24,Employees!A:J,10,0)*1.5 -> 0 | L24: =IF(OR(H24="",G24="غياب",G24="إجازة أسبوعية"),0, IF(H24<=E24+TIME(0,30,0),0, 30+((H24-(E24+TIME(0,30,0)))*1440))) -> 0 | M24: =(L24/60)*VLOOKUP(C24,Employees!A:J,10,0)*2 -> 0 | N24: =IF(OR(I24="",G24="غياب",G24="إجازة أسبوعية",I24<=F24),0, IF(MOD(I24-F24,1)<=TIME(0,25,0),0,MAX(0,(I24-F24)*1440))) -> 0 | O24: =(N24/60)*VLOOKUP(C24,Employees!A:J,10,0)*1.5 -> 0 | P24: =IF(G24="غياب",VLOOKUP(C24,Employees!$A$3:$J$36,9,FALSE()),0) -> 0
A25: 22/04/2025 | B25: الاربعاء | C25: EMP-001 | D25: =VLOOKUP(C25,Employees!A:J,2,0) -> احمد خالد | E25: 0.5 | F25: 0.91666667 | G25: حضور | H25: =E25 -> 0.5 | I25: =F25 -> 0.91666667 | J25: =IF(OR(H25="",G25="غياب",G25="إجازة أسبوعية"),0, IF(H25>=E25-TIME(0,20,0),0, IF(H25>=E25-TIME(0,30,0),30,(E25-H25)*1440))) -> 0 | K25: =(J25/60)*VLOOKUP(C25,Employees!A:J,10,0)*1.5 -> 0 | L25: =IF(OR(H25="",G25="غياب",G25="إجازة أسبوعية"),0, IF(H25<=E25+TIME(0,30,0),0, 30+((H25-(E25+TIME(0,30,0)))*1440))) -> 0 | M25: =(L25/60)*VLOOKUP(C25,Employees!A:J,10,0)*2 -> 0 | N25: =IF(OR(I25="",G25="غياب",G25="إجازة أسبوعية",I25<=F25),0, IF(MOD(I25-F25,1)<=TIME(0,25,0),0,MAX(0,(I25-F25)*1440))) -> 0 | O25: =(N25/60)*VLOOKUP(C25,Employees!A:J,10,0)*1.5 -> 0 | P25: =IF(G25="غياب",VLOOKUP(C25,Employees!$A$3:$J$36,9,FALSE()),0) -> 0
A26: 23/04/2025 | B26: الخميس | C26: EMP-001 | D26: =VLOOKUP(C26,Employees!A:J,2,0) -> احمد خالد | E26: 0.5 | F26: 0.91666667 | G26: حضور | H26: =E26 -> 0.5 | I26: =F26 -> 0.91666667 | J26: =IF(OR(H26="",G26="غياب",G26="إجازة أسبوعية"),0, IF(H26>=E26-TIME(0,20,0),0, IF(H26>=E26-TIME(0,30,0),30,(E26-H26)*1440))) -> 0 | K26: =(J26/60)*VLOOKUP(C26,Employees!A:J,10,0)*1.5 -> 0 | L26: =IF(OR(H26="",G26="غياب",G26="إجازة أسبوعية"),0, IF(H26<=E26+TIME(0,30,0),0, 30+((H26-(E26+TIME(0,30,0)))*1440))) -> 0 | M26: =(L26/60)*VLOOKUP(C26,Employees!A:J,10,0)*2 -> 0 | N26: =IF(OR(I26="",G26="غياب",G26="إجازة أسبوعية",I26<=F26),0, IF(MOD(I26-F26,1)<=TIME(0,25,0),0,MAX(0,(I26-F26)*1440))) -> 0 | O26: =(N26/60)*VLOOKUP(C26,Employees!A:J,10,0)*1.5 -> 0 | P26: =IF(G26="غياب",VLOOKUP(C26,Employees!$A$3:$J$36,9,FALSE()),0) -> 0
A27: 24/04/2025 | B27: الجمعه | C27: EMP-001 | D27: =VLOOKUP(C27,Employees!A:J,2,0) -> احمد خالد | E27: 0.45833333 | F27: 0.875 | G27: حضور | H27: =E27 -> 0.45833333 | I27: =F27 -> 0.875 | J27: =IF(OR(H27="",G27="غياب",G27="إجازة أسبوعية"),0, IF(H27>=E27-TIME(0,20,0),0, IF(H27>=E27-TIME(0,30,0),30,(E27-H27)*1440))) -> 0 | K27: =(J27/60)*VLOOKUP(C27,Employees!A:J,10,0)*1.5 -> 0 | L27: =IF(OR(H27="",G27="غياب",G27="إجازة أسبوعية"),0, IF(H27<=E27+TIME(0,30,0),0, 30+((H27-(E27+TIME(0,30,0)))*1440))) -> 0 | M27: =(L27/60)*VLOOKUP(C27,Employees!A:J,10,0)*2 -> 0 | N27: =IF(OR(I27="",G27="غياب",G27="إجازة أسبوعية",I27<=F27),0, IF(MOD(I27-F27,1)<=TIME(0,25,0),0,MAX(0,(I27-F27)*1440))) -> 0 | O27: =(N27/60)*VLOOKUP(C27,Employees!A:J,10,0)*1.5 -> 0 | P27: =IF(G27="غياب",VLOOKUP(C27,Employees!$A$3:$J$36,9,FALSE()),0) -> 0
A28: 25/04/2025 | B28: السبت | C28: EMP-001 | D28: =VLOOKUP(C28,Employees!A:J,2,0) -> احمد خالد | E28: 0.45833333 | F28: 0.875 | G28: حضور | H28: =E28 -> 0.45833333 | I28: =F28 -> 0.875 | J28: =IF(OR(H28="",G28="غياب",G28="إجازة أسبوعية"),0, IF(H28>=E28-TIME(0,20,0),0, IF(H28>=E28-TIME(0,30,0),30,(E28-H28)*1440))) -> 0 | K28: =(J28/60)*VLOOKUP(C28,Employees!A:J,10,0)*1.5 -> 0 | L28: =IF(OR(H28="",G28="غياب",G28="إجازة أسبوعية"),0, IF(H28<=E28+TIME(0,30,0),0, 30+((H28-(E28+TIME(0,30,0)))*1440))) -> 0 | M28: =(L28/60)*VLOOKUP(C28,Employees!A:J,10,0)*2 -> 0 | N28: =IF(OR(I28="",G28="غياب",G28="إجازة أسبوعية",I28<=F28),0, IF(MOD(I28-F28,1)<=TIME(0,25,0),0,MAX(0,(I28-F28)*1440))) -> 0 | O28: =(N28/60)*VLOOKUP(C28,Employees!A:J,10,0)*1.5 -> 0 | P28: =IF(G28="غياب",VLOOKUP(C28,Employees!$A$3:$J$36,9,FALSE()),0) -> 0
A29: 26/04/2025 | B29: الاحد | C29: EMP-001 | D29: =VLOOKUP(C29,Employees!A:J,2,0) -> احمد خالد | E29: _ | F29: _ | G29: اجازة اسبوعية | H29: _ | I29: _ | J29: _ | K29: _ | L29: _ | M29: _ | N29: _ | O29: _ | P29: =IF(G29="غياب",VLOOKUP(C29,Employees!$A$3:$J$36,9,FALSE()),0) -> 0
A30: 27/04/2025 | B30: الاثنين | C30: EMP-001 | D30: =VLOOKUP(C30,Employees!A:J,2,0) -> احمد خالد | E30: 0.45833333 | F30: 0.875 | G30: حضور | H30: =E30 -> 0.45833333 | I30: =F30 -> 0.875 | J30: =IF(OR(H30="",G30="غياب",G30="إجازة أسبوعية"),0, IF(H30>=E30-TIME(0,20,0),0, IF(H30>=E30-TIME(0,30,0),30,(E30-H30)*1440))) -> 0 | K30: =(J30/60)*VLOOKUP(C30,Employees!A:J,10,0)*1.5 -> 0 | L30: =IF(OR(H30="",G30="غياب",G30="إجازة أسبوعية"),0, IF(H30<=E30+TIME(0,30,0),0, 30+((H30-(E30+TIME(0,30,0)))*1440))) -> 0 | M30: =(L30/60)*VLOOKUP(C30,Employees!A:J,10,0)*2 -> 0 | N30: =IF(OR(I30="",G30="غياب",G30="إجازة أسبوعية",I30<=F30),0, IF(MOD(I30-F30,1)<=TIME(0,25,0),0,MAX(0,(I30-F30)*1440))) -> 0 | O30: =(N30/60)*VLOOKUP(C30,Employees!A:J,10,0)*1.5 -> 0 | P30: =IF(G30="غياب",VLOOKUP(C30,Employees!$A$3:$J$36,9,FALSE()),0) -> 0
A31: 28/04/2025 | B31: الثلاثاء | C31: EMP-001 | D31: =VLOOKUP(C31,Employees!A:J,2,0) -> احمد خالد | E31: 0.45833333 | F31: 0.875 | G31: حضور | H31: =E31 -> 0.45833333 | I31: =F31 -> 0.875 | J31: =IF(OR(H31="",G31="غياب",G31="إجازة أسبوعية"),0, IF(H31>=E31-TIME(0,20,0),0, IF(H31>=E31-TIME(0,30,0),30,(E31-H31)*1440))) -> 0 | K31: =(J31/60)*VLOOKUP(C31,Employees!A:J,10,0)*1.5 -> 0 | L31: =IF(OR(H31="",G31="غياب",G31="إجازة أسبوعية"),0, IF(H31<=E31+TIME(0,30,0),0, 30+((H31-(E31+TIME(0,30,0)))*1440))) -> 0 | M31: =(L31/60)*VLOOKUP(C31,Employees!A:J,10,0)*2 -> 0 | N31: =IF(OR(I31="",G31="غياب",G31="إجازة أسبوعية",I31<=F31),0, IF(MOD(I31-F31,1)<=TIME(0,25,0),0,MAX(0,(I31-F31)*1440))) -> 0 | O31: =(N31/60)*VLOOKUP(C31,Employees!A:J,10,0)*1.5 -> 0 | P31: =IF(G31="غياب",VLOOKUP(C31,Employees!$A$3:$J$36,9,FALSE()),0) -> 0
A32: 29/04/2025 | B32: الاربعاء | C32: EMP-001 | D32: =VLOOKUP(C32,Employees!A:J,2,0) -> احمد خالد | E32: 0.45833333 | F32: 0.875 | G32: حضور | H32: =E32 -> 0.45833333 | I32: =F32 -> 0.875 | J32: =IF(OR(H32="",G32="غياب",G32="إجازة أسبوعية"),0, IF(H32>=E32-TIME(0,20,0),0, IF(H32>=E32-TIME(0,30,0),30,(E32-H32)*1440))) -> 0 | K32: =(J32/60)*VLOOKUP(C32,Employees!A:J,10,0)*1.5 -> 0 | L32: =IF(OR(H32="",G32="غياب",G32="إجازة أسبوعية"),0, IF(H32<=E32+TIME(0,30,0),0, 30+((H32-(E32+TIME(0,30,0)))*1440))) -> 0 | M32: =(L32/60)*VLOOKUP(C32,Employees!A:J,10,0)*2 -> 0 | N32: =IF(OR(I32="",G32="غياب",G32="إجازة أسبوعية",I32<=F32),0, IF(MOD(I32-F32,1)<=TIME(0,25,0),0,MAX(0,(I32-F32)*1440))) -> 0 | O32: =(N32/60)*VLOOKUP(C32,Employees!A:J,10,0)*1.5 -> 0 | P32: =IF(G32="غياب",VLOOKUP(C32,Employees!$A$3:$J$36,9,FALSE()),0) -> 0
A33: 30/04/2025 | B33: الخميس | C33: EMP-001 | D33: =VLOOKUP(C33,Employees!A:J,2,0) -> احمد خالد | E33: 0.45833333 | F33: 0.875 | G33: حضور | H33: =E33 -> 0.45833333 | I33: =F33 -> 0.875 | J33: =IF(OR(H33="",G33="غياب",G33="إجازة أسبوعية"),0, IF(H33>=E33-TIME(0,20,0),0, IF(H33>=E33-TIME(0,30,0),30,(E33-H33)*1440))) -> 0 | K33: =(J33/60)*VLOOKUP(C33,Employees!A:J,10,0)*1.5 -> 0 | L33: =IF(OR(H33="",G33="غياب",G33="إجازة أسبوعية"),0, IF(H33<=E33+TIME(0,30,0),0, 30+((H33-(E33+TIME(0,30,0)))*1440))) -> 0 | M33: =(L33/60)*VLOOKUP(C33,Employees!A:J,10,0)*2 -> 0 | N33: =IF(OR(I33="",G33="غياب",G33="إجازة أسبوعية",I33<=F33),0, IF(MOD(I33-F33,1)<=TIME(0,25,0),0,MAX(0,(I33-F33)*1440))) -> 0 | O33: =(N33/60)*VLOOKUP(C33,Employees!A:J,10,0)*1.5 -> 0 | P33: =IF(G33="غياب",VLOOKUP(C33,Employees!$A$3:$J$36,9,FALSE()),0) -> 0
A34: 01/04/2025 | B34: الاربعاء | C34: EMP-002 | D34: =VLOOKUP(C34,Employees!A:J,2,0) -> هشام عادل | E34: 0.39791667 | F34: 0.75 | G34: حضور | H34: =E34 -> 0.39791667 | I34: =F34 -> 0.75 | J34: =IF(OR(H34="",G34="غياب",G34="إجازة أسبوعية"),0, IF(H34>=E34-TIME(0,20,0),0, IF(H34>=E34-TIME(0,30,0),30,(E34-H34)*1440))) -> 0 | K34: =(J34/60)*VLOOKUP(C34,Employees!A:J,10,0)*1.5 -> 0 | L34: =IF(OR(H34="",G34="غياب",G34="إجازة أسبوعية"),0, IF(H34<=E34+TIME(0,30,0),0, 30+((H34-(E34+TIME(0,30,0)))*1440))) -> 0 | M34: =(L34/60)*VLOOKUP(C34,Employees!A:J,10,0)*2 -> 0 | N34: =IF(OR(I34="",G34="غياب",G34="إجازة أسبوعية",I34<=F34),0, IF(MOD(I34-F34,1)<=TIME(0,25,0),0,MAX(0,(I34-F34)*1440))) -> 0 | O34: =(N34/60)*VLOOKUP(C34,Employees!A:J,10,0)*1.5 -> 0 | P34: =IF(G34="غياب",VLOOKUP(C34,Employees!$A$3:$J$36,9,FALSE()),0) -> 0
A35: 02/04/2025 | B35: الخميس | C35: EMP-002 | D35: =VLOOKUP(C35,Employees!A:J,2,0) -> هشام عادل | E35: 0.39166667 | F35: 0.75 | G35: حضور | H35: =E35 -> 0.39166667 | I35: =F35 -> 0.75 | J35: =IF(OR(H35="",G35="غياب",G35="إجازة أسبوعية"),0, IF(H35>=E35-TIME(0,20,0),0, IF(H35>=E35-TIME(0,30,0),30,(E35-H35)*1440))) -> 0 | K35: =(J35/60)*VLOOKUP(C35,Employees!A:J,10,0)*1.5 -> 0 | L35: =IF(OR(H35="",G35="غياب",G35="إجازة أسبوعية"),0, IF(H35<=E35+TIME(0,30,0),0, 30+((H35-(E35+TIME(0,30,0)))*1440))) -> 0 | M35: =(L35/60)*VLOOKUP(C35,Employees!A:J,10,0)*2 -> 0 | N35: =IF(OR(I35="",G35="غياب",G35="إجازة أسبوعية",I35<=F35),0, IF(MOD(I35-F35,1)<=TIME(0,25,0),0,MAX(0,(I35-F35)*1440))) -> 0 | O35: =(N35/60)*VLOOKUP(C35,Employees!A:J,10,0)*1.5 -> 0 | P35: =IF(G35="غياب",VLOOKUP(C35,Employees!$A$3:$J$36,9,FALSE()),0) -> 0
A36: 03/04/2025 | B36: الجمعه | C36: EMP-002 | D36: =VLOOKUP(C36,Employees!A:J,2,0) -> هشام عادل | E36: 0.39583333 | F36: 0.75 | G36: حضور | H36: =E36 -> 0.39583333 | I36: =F36 -> 0.75 | J36: =IF(OR(H36="",G36="غياب",G36="إجازة أسبوعية"),0, IF(H36>=E36-TIME(0,20,0),0, IF(H36>=E36-TIME(0,30,0),30,(E36-H36)*1440))) -> 0 | K36: =(J36/60)*VLOOKUP(C36,Employees!A:J,10,0)*1.5 -> 0 | L36: =IF(OR(H36="",G36="غياب",G36="إجازة أسبوعية"),0, IF(H36<=E36+TIME(0,30,0),0, 30+((H36-(E36+TIME(0,30,0)))*1440))) -> 0 | M36: =(L36/60)*VLOOKUP(C36,Employees!A:J,10,0)*2 -> 0 | N36: =IF(OR(I36="",G36="غياب",G36="إجازة أسبوعية",I36<=F36),0, IF(MOD(I36-F36,1)<=TIME(0,25,0),0,MAX(0,(I36-F36)*1440))) -> 0 | O36: =(N36/60)*VLOOKUP(C36,Employees!A:J,10,0)*1.5 -> 0 | P36: =IF(G36="غياب",VLOOKUP(C36,Employees!$A$3:$J$36,9,FALSE()),0) -> 0
A37: 04/04/2025 | B37: السبت | C37: EMP-002 | D37: =VLOOKUP(C37,Employees!A:J,2,0) -> هشام عادل | E37: 0.38958333 | F37: 0.75 | G37: حضور | H37: =E37 -> 0.38958333 | I37: =F37 -> 0.75 | J37: =IF(OR(H37="",G37="غياب",G37="إجازة أسبوعية"),0, IF(H37>=E37-TIME(0,20,0),0, IF(H37>=E37-TIME(0,30,0),30,(E37-H37)*1440))) -> 0 | K37: =(J37/60)*VLOOKUP(C37,Employees!A:J,10,0)*1.5 -> 0 | L37: =IF(OR(H37="",G37="غياب",G37="إجازة أسبوعية"),0, IF(H37<=E37+TIME(0,30,0),0, 30+((H37-(E37+TIME(0,30,0)))*1440))) -> 0 | M37: =(L37/60)*VLOOKUP(C37,Employees!A:J,10,0)*2 -> 0 | N37: =IF(OR(I37="",G37="غياب",G37="إجازة أسبوعية",I37<=F37),0, IF(MOD(I37-F37,1)<=TIME(0,25,0),0,MAX(0,(I37-F37)*1440))) -> 0 | O37: =(N37/60)*VLOOKUP(C37,Employees!A:J,10,0)*1.5 -> 0 | P37: =IF(G37="غياب",VLOOKUP(C37,Employees!$A$3:$J$36,9,FALSE()),0) -> 0
A38: 05/04/2025 | B38: الاحد | C38: EMP-002 | D38: =VLOOKUP(C38,Employees!A:J,2,0) -> هشام عادل | E38: _ | F38: _ | G38: اجازة اسبوعية | H38: _ | I38: _ | J38: _ | K38: _ | L38: _ | M38: _ | N38: _ | O38: _ | P38: =IF(G38="غياب",VLOOKUP(C38,Employees!$A$3:$J$36,9,FALSE()),0) -> 0
A39: 06/04/2025 | B39: الاثنين | C39: EMP-002 | D39: =VLOOKUP(C39,Employees!A:J,2,0) -> هشام عادل | E39: 0.40347222 | F39: 0.75 | G39: حضور | H39: =E39 -> 0.40347222 | I39: =F39 -> 0.75 | J39: =IF(OR(H39="",G39="غياب",G39="إجازة أسبوعية"),0, IF(H39>=E39-TIME(0,20,0),0, IF(H39>=E39-TIME(0,30,0),30,(E39-H39)*1440))) -> 0 | K39: =(J39/60)*VLOOKUP(C39,Employees!A:J,10,0)*1.5 -> 0 | L39: =IF(OR(H39="",G39="غياب",G39="إجازة أسبوعية"),0, IF(H39<=E39+TIME(0,30,0),0, 30+((H39-(E39+TIME(0,30,0)))*1440))) -> 0 | M39: =(L39/60)*VLOOKUP(C39,Employees!A:J,10,0)*2 -> 0 | N39: =IF(OR(I39="",G39="غياب",G39="إجازة أسبوعية",I39<=F39),0, IF(MOD(I39-F39,1)<=TIME(0,25,0),0,MAX(0,(I39-F39)*1440))) -> 0 | O39: =(N39/60)*VLOOKUP(C39,Employees!A:J,10,0)*1.5 -> 0 | P39: =IF(G39="غياب",VLOOKUP(C39,Employees!$A$3:$J$36,9,FALSE()),0) -> 0
A40: 07/04/2025 | B40: الثلاثاء | C40: EMP-002 | D40: =VLOOKUP(C40,Employees!A:J,2,0) -> هشام عادل | E40: 0.39652778 | F40: 0.75 | G40: حضور | H40: =E40 -> 0.39652778 | I40: =F40 -> 0.75 | J40: =IF(OR(H40="",G40="غياب",G40="إجازة أسبوعية"),0, IF(H40>=E40-TIME(0,20,0),0, IF(H40>=E40-TIME(0,30,0),30,(E40-H40)*1440))) -> 0 | K40: =(J40/60)*VLOOKUP(C40,Employees!A:J,10,0)*1.5 -> 0 | L40: =IF(OR(H40="",G40="غياب",G40="إجازة أسبوعية"),0, IF(H40<=E40+TIME(0,30,0),0, 30+((H40-(E40+TIME(0,30,0)))*1440))) -> 0 | M40: =(L40/60)*VLOOKUP(C40,Employees!A:J,10,0)*2 -> 0 | N40: =IF(OR(I40="",G40="غياب",G40="إجازة أسبوعية",I40<=F40),0, IF(MOD(I40-F40,1)<=TIME(0,25,0),0,MAX(0,(I40-F40)*1440))) -> 0 | O40: =(N40/60)*VLOOKUP(C40,Employees!A:J,10,0)*1.5 -> 0 | P40: =IF(G40="غياب",VLOOKUP(C40,Employees!$A$3:$J$36,9,FALSE()),0) -> 0
A41: 08/04/2025 | B41: الاربعاء | C41: EMP-002 | D41: =VLOOKUP(C41,Employees!A:J,2,0) -> هشام عادل | E41: 0.39236111 | F41: 0.75 | G41: حضور | H41: =E41 -> 0.39236111 | I41: =F41 -> 0.75 | J41: =IF(OR(H41="",G41="غياب",G41="إجازة أسبوعية"),0, IF(H41>=E41-TIME(0,20,0),0, IF(H41>=E41-TIME(0,30,0),30,(E41-H41)*1440))) -> 0 | K41: =(J41/60)*VLOOKUP(C41,Employees!A:J,10,0)*1.5 -> 0 | L41: =IF(OR(H41="",G41="غياب",G41="إجازة أسبوعية"),0, IF(H41<=E41+TIME(0,30,0),0, 30+((H41-(E41+TIME(0,30,0)))*1440))) -> 0 | M41: =(L41/60)*VLOOKUP(C41,Employees!A:J,10,0)*2 -> 0 | N41: =IF(OR(I41="",G41="غياب",G41="إجازة أسبوعية",I41<=F41),0, IF(MOD(I41-F41,1)<=TIME(0,25,0),0,MAX(0,(I41-F41)*1440))) -> 0 | O41: =(N41/60)*VLOOKUP(C41,Employees!A:J,10,0)*1.5 -> 0 | P41: =IF(G41="غياب",VLOOKUP(C41,Employees!$A$3:$J$36,9,FALSE()),0) -> 0
A42: 09/04/2025 | B42: الخميس | C42: EMP-002 | D42: =VLOOKUP(C42,Employees!A:J,2,0) -> هشام عادل | E42: 0.38819444 | F42: 0.75 | G42: حضور | H42: =E42 -> 0.38819444 | I42: =F42 -> 0.75 | J42: =IF(OR(H42="",G42="غياب",G42="إجازة أسبوعية"),0, IF(H42>=E42-TIME(0,20,0),0, IF(H42>=E42-TIME(0,30,0),30,(E42-H42)*1440))) -> 0 | K42: =(J42/60)*VLOOKUP(C42,Employees!A:J,10,0)*1.5 -> 0 | L42: =IF(OR(H42="",G42="غياب",G42="إجازة أسبوعية"),0, IF(H42<=E42+TIME(0,30,0),0, 30+((H42-(E42+TIME(0,30,0)))*1440))) -> 0 | M42: =(L42/60)*VLOOKUP(C42,Employees!A:J,10,0)*2 -> 0 | N42: =IF(OR(I42="",G42="غياب",G42="إجازة أسبوعية",I42<=F42),0, IF(MOD(I42-F42,1)<=TIME(0,25,0),0,MAX(0,(I42-F42)*1440))) -> 0 | O42: =(N42/60)*VLOOKUP(C42,Employees!A:J,10,0)*1.5 -> 0 | P42: =IF(G42="غياب",VLOOKUP(C42,Employees!$A$3:$J$36,9,FALSE()),0) -> 0
A43: 10/04/2025 | B43: الجمعه | C43: EMP-002 | D43: =VLOOKUP(C43,Employees!A:J,2,0) -> هشام عادل | E43: 0.40625 | F43: 0.75 | G43: حضور | H43: =E43 -> 0.40625 | I43: =F43 -> 0.75 | J43: =IF(OR(H43="",G43="غياب",G43="إجازة أسبوعية"),0, IF(H43>=E43-TIME(0,20,0),0, IF(H43>=E43-TIME(0,30,0),30,(E43-H43)*1440))) -> 0 | K43: =(J43/60)*VLOOKUP(C43,Employees!A:J,10,0)*1.5 -> 0 | L43: =IF(OR(H43="",G43="غياب",G43="إجازة أسبوعية"),0, IF(H43<=E43+TIME(0,30,0),0, 30+((H43-(E43+TIME(0,30,0)))*1440))) -> 0 | M43: =(L43/60)*VLOOKUP(C43,Employees!A:J,10,0)*2 -> 0 | N43: =IF(OR(I43="",G43="غياب",G43="إجازة أسبوعية",I43<=F43),0, IF(MOD(I43-F43,1)<=TIME(0,25,0),0,MAX(0,(I43-F43)*1440))) -> 0 | O43: =(N43/60)*VLOOKUP(C43,Employees!A:J,10,0)*1.5 -> 0 | P43: =IF(G43="غياب",VLOOKUP(C43,Employees!$A$3:$J$36,9,FALSE()),0) -> 0
A44: 11/04/2025 | B44: السبت | C44: EMP-002 | D44: =VLOOKUP(C44,Employees!A:J,2,0) -> هشام عادل | E44: 0.41666667 | F44: 0.79166667 | G44: حضور | H44: =E44 -> 0.41666667 | I44: =F44 -> 0.79166667 | J44: =IF(OR(H44="",G44="غياب",G44="إجازة أسبوعية"),0, IF(H44>=E44-TIME(0,20,0),0, IF(H44>=E44-TIME(0,30,0),30,(E44-H44)*1440))) -> 0 | K44: =(J44/60)*VLOOKUP(C44,Employees!A:J,10,0)*1.5 -> 0 | L44: =IF(OR(H44="",G44="غياب",G44="إجازة أسبوعية"),0, IF(H44<=E44+TIME(0,30,0),0, 30+((H44-(E44+TIME(0,30,0)))*1440))) -> 0 | M44: =(L44/60)*VLOOKUP(C44,Employees!A:J,10,0)*2 -> 0 | N44: =IF(OR(I44="",G44="غياب",G44="إجازة أسبوعية",I44<=F44),0, IF(MOD(I44-F44,1)<=TIME(0,25,0),0,MAX(0,(I44-F44)*1440))) -> 0 | O44: =(N44/60)*VLOOKUP(C44,Employees!A:J,10,0)*1.5 -> 0 | P44: =IF(G44="غياب",VLOOKUP(C44,Employees!$A$3:$J$36,9,FALSE()),0) -> 0
A45: 12/04/2025 | B45: الاحد | C45: EMP-002 | D45: =VLOOKUP(C45,Employees!A:J,2,0) -> هشام عادل | E45: _ | F45: _ | G45: اجازة اسبوعية | H45: _ | I45: _ | J45: _ | K45: _ | L45: _ | M45: _ | N45: _ | O45: _ | P45: =IF(G45="غياب",VLOOKUP(C45,Employees!$A$3:$J$36,9,FALSE()),0) -> 0
A46: 13/04/2025 | B46: الاثنين | C46: EMP-002 | D46: =VLOOKUP(C46,Employees!A:J,2,0) -> هشام عادل | E46: _ | F46: _ | G46: اجازة اسبوعية | H46: _ | I46: _ | J46: _ | K46: _ | L46: _ | M46: _ | N46: _ | O46: _ | P46: =IF(G46="غياب",VLOOKUP(C46,Employees!$A$3:$J$36,9,FALSE()),0) -> 0
A47: 14/04/2025 | B47: الثلاثاء | C47: EMP-002 | D47: =VLOOKUP(C47,Employees!A:J,2,0) -> هشام عادل | E47: 0.41666667 | F47: 0.79166667 | G47: حضور | H47: =E47 -> 0.41666667 | I47: =F47 -> 0.79166667 | J47: =IF(OR(H47="",G47="غياب",G47="إجازة أسبوعية"),0, IF(H47>=E47-TIME(0,20,0),0, IF(H47>=E47-TIME(0,30,0),30,(E47-H47)*1440))) -> 0 | K47: =(J47/60)*VLOOKUP(C47,Employees!A:J,10,0)*1.5 -> 0 | L47: =IF(OR(H47="",G47="غياب",G47="إجازة أسبوعية"),0, IF(H47<=E47+TIME(0,30,0),0, 30+((H47-(E47+TIME(0,30,0)))*1440))) -> 0 | M47: =(L47/60)*VLOOKUP(C47,Employees!A:J,10,0)*2 -> 0 | N47: =IF(OR(I47="",G47="غياب",G47="إجازة أسبوعية",I47<=F47),0, IF(MOD(I47-F47,1)<=TIME(0,25,0),0,MAX(0,(I47-F47)*1440))) -> 0 | O47: =(N47/60)*VLOOKUP(C47,Employees!A:J,10,0)*1.5 -> 0 | P47: =IF(G47="غياب",VLOOKUP(C47,Employees!$A$3:$J$36,9,FALSE()),0) -> 0
A48: 15/04/2025 | B48: الاربعاء | C48: EMP-002 | D48: =VLOOKUP(C48,Employees!A:J,2,0) -> هشام عادل | E48: 0.41666667 | F48: 0.79166667 | G48: حضور | H48: =E48 -> 0.41666667 | I48: =F48 -> 0.79166667 | J48: =IF(OR(H48="",G48="غياب",G48="إجازة أسبوعية"),0, IF(H48>=E48-TIME(0,20,0),0, IF(H48>=E48-TIME(0,30,0),30,(E48-H48)*1440))) -> 0 | K48: =(J48/60)*VLOOKUP(C48,Employees!A:J,10,0)*1.5 -> 0 | L48: =IF(OR(H48="",G48="غياب",G48="إجازة أسبوعية"),0, IF(H48<=E48+TIME(0,30,0),0, 30+((H48-(E48+TIME(0,30,0)))*1440))) -> 0 | M48: =(L48/60)*VLOOKUP(C48,Employees!A:J,10,0)*2 -> 0 | N48: =IF(OR(I48="",G48="غياب",G48="إجازة أسبوعية",I48<=F48),0, IF(MOD(I48-F48,1)<=TIME(0,25,0),0,MAX(0,(I48-F48)*1440))) -> 0 | O48: =(N48/60)*VLOOKUP(C48,Employees!A:J,10,0)*1.5 -> 0 | P48: =IF(G48="غياب",VLOOKUP(C48,Employees!$A$3:$J$36,9,FALSE()),0) -> 0
A49: 16/04/2025 | B49: الخميس | C49: EMP-002 | D49: =VLOOKUP(C49,Employees!A:J,2,0) -> هشام عادل | E49: 0.41666667 | F49: 0.79166667 | G49: حضور | H49: =E49 -> 0.41666667 | I49: =F49 -> 0.79166667 | J49: =IF(OR(H49="",G49="غياب",G49="إجازة أسبوعية"),0, IF(H49>=E49-TIME(0,20,0),0, IF(H49>=E49-TIME(0,30,0),30,(E49-H49)*1440))) -> 0 | K49: =(J49/60)*VLOOKUP(C49,Employees!A:J,10,0)*1.5 -> 0 | L49: =IF(OR(H49="",G49="غياب",G49="إجازة أسبوعية"),0, IF(H49<=E49+TIME(0,30,0),0, 30+((H49-(E49+TIME(0,30,0)))*1440))) -> 0 | M49: =(L49/60)*VLOOKUP(C49,Employees!A:J,10,0)*2 -> 0 | N49: =IF(OR(I49="",G49="غياب",G49="إجازة أسبوعية",I49<=F49),0, IF(MOD(I49-F49,1)<=TIME(0,25,0),0,MAX(0,(I49-F49)*1440))) -> 0 | O49: =(N49/60)*VLOOKUP(C49,Employees!A:J,10,0)*1.5 -> 0 | P49: =IF(G49="غياب",VLOOKUP(C49,Employees!$A$3:$J$36,9,FALSE()),0) -> 0
A50: 17/04/2025 | B50: الجمعه | C50: EMP-002 | D50: =VLOOKUP(C50,Employees!A:J,2,0) -> هشام عادل | E50: 0.42916667 | F50: 0.79166667 | G50: حضور | H50: =E50 -> 0.42916667 | I50: =F50 -> 0.79166667 | J50: =IF(OR(H50="",G50="غياب",G50="إجازة أسبوعية"),0, IF(H50>=E50-TIME(0,20,0),0, IF(H50>=E50-TIME(0,30,0),30,(E50-H50)*1440))) -> 0 | K50: =(J50/60)*VLOOKUP(C50,Employees!A:J,10,0)*1.5 -> 0 | L50: =IF(OR(H50="",G50="غياب",G50="إجازة أسبوعية"),0, IF(H50<=E50+TIME(0,30,0),0, 30+((H50-(E50+TIME(0,30,0)))*1440))) -> 0 | M50: =(L50/60)*VLOOKUP(C50,Employees!A:J,10,0)*2 -> 0 | N50: =IF(OR(I50="",G50="غياب",G50="إجازة أسبوعية",I50<=F50),0, IF(MOD(I50-F50,1)<=TIME(0,25,0),0,MAX(0,(I50-F50)*1440))) -> 0 | O50: =(N50/60)*VLOOKUP(C50,Employees!A:J,10,0)*1.5 -> 0 | P50: =IF(G50="غياب",VLOOKUP(C50,Employees!$A$3:$J$36,9,FALSE()),0) -> 0
A51: 18/04/2025 | B51: السبت | C51: EMP-002 | D51: =VLOOKUP(C51,Employees!A:J,2,0) -> هشام عادل | E51: 0.41805556 | F51: 0.79166667 | G51: حضور | H51: =E51 -> 0.41805556 | I51: =F51 -> 0.79166667 | J51: =IF(OR(H51="",G51="غياب",G51="إجازة أسبوعية"),0, IF(H51>=E51-TIME(0,20,0),0, IF(H51>=E51-TIME(0,30,0),30,(E51-H51)*1440))) -> 0 | K51: =(J51/60)*VLOOKUP(C51,Employees!A:J,10,0)*1.5 -> 0 | L51: =IF(OR(H51="",G51="غياب",G51="إجازة أسبوعية"),0, IF(H51<=E51+TIME(0,30,0),0, 30+((H51-(E51+TIME(0,30,0)))*1440))) -> 0 | M51: =(L51/60)*VLOOKUP(C51,Employees!A:J,10,0)*2 -> 0 | N51: =IF(OR(I51="",G51="غياب",G51="إجازة أسبوعية",I51<=F51),0, IF(MOD(I51-F51,1)<=TIME(0,25,0),0,MAX(0,(I51-F51)*1440))) -> 0 | O51: =(N51/60)*VLOOKUP(C51,Employees!A:J,10,0)*1.5 -> 0 | P51: =IF(G51="غياب",VLOOKUP(C51,Employees!$A$3:$J$36,9,FALSE()),0) -> 0
A52: 19/04/2025 | B52: الاحد | C52: EMP-002 | D52: =VLOOKUP(C52,Employees!A:J,2,0) -> هشام عادل | E52: _ | F52: _ | G52: اجازة اسبوعية | H52: _ | I52: _ | J52: _ | K52: _ | L52: _ | M52: _ | N52: _ | O52: _ | P52: =IF(G52="غياب",VLOOKUP(C52,Employees!$A$3:$J$36,9,FALSE()),0) -> 0
A53: 20/04/2025 | B53: الاثنين | C53: EMP-002 | D53: =VLOOKUP(C53,Employees!A:J,2,0) -> هشام عادل | E53: 0.42152778 | F53: 0.79166667 | G53: حضور | H53: =E53 -> 0.42152778 | I53: =F53 -> 0.79166667 | J53: =IF(OR(H53="",G53="غياب",G53="إجازة أسبوعية"),0, IF(H53>=E53-TIME(0,20,0),0, IF(H53>=E53-TIME(0,30,0),30,(E53-H53)*1440))) -> 0 | K53: =(J53/60)*VLOOKUP(C53,Employees!A:J,10,0)*1.5 -> 0 | L53: =IF(OR(H53="",G53="غياب",G53="إجازة أسبوعية"),0, IF(H53<=E53+TIME(0,30,0),0, 30+((H53-(E53+TIME(0,30,0)))*1440))) -> 0 | M53: =(L53/60)*VLOOKUP(C53,Employees!A:J,10,0)*2 -> 0 | N53: =IF(OR(I53="",G53="غياب",G53="إجازة أسبوعية",I53<=F53),0, IF(MOD(I53-F53,1)<=TIME(0,25,0),0,MAX(0,(I53-F53)*1440))) -> 0 | O53: =(N53/60)*VLOOKUP(C53,Employees!A:J,10,0)*1.5 -> 0 | P53: =IF(G53="غياب",VLOOKUP(C53,Employees!$A$3:$J$36,9,FALSE()),0) -> 0
A54: 21/04/2025 | B54: الثلاثاء | C54: EMP-002 | D54: =VLOOKUP(C54,Employees!A:J,2,0) -> هشام عادل | E54: 0.43055556 | F54: 0.79166667 | G54: حضور | H54: =E54 -> 0.43055556 | I54: =F54 -> 0.79166667 | J54: =IF(OR(H54="",G54="غياب",G54="إجازة أسبوعية"),0, IF(H54>=E54-TIME(0,20,0),0, IF(H54>=E54-TIME(0,30,0),30,(E54-H54)*1440))) -> 0 | K54: =(J54/60)*VLOOKUP(C54,Employees!A:J,10,0)*1.5 -> 0 | L54: =IF(OR(H54="",G54="غياب",G54="إجازة أسبوعية"),0, IF(H54<=E54+TIME(0,30,0),0, 30+((H54-(E54+TIME(0,30,0)))*1440))) -> 0 | M54: =(L54/60)*VLOOKUP(C54,Employees!A:J,10,0)*2 -> 0 | N54: =IF(OR(I54="",G54="غياب",G54="إجازة أسبوعية",I54<=F54),0, IF(MOD(I54-F54,1)<=TIME(0,25,0),0,MAX(0,(I54-F54)*1440))) -> 0 | O54: =(N54/60)*VLOOKUP(C54,Employees!A:J,10,0)*1.5 -> 0 | P54: =IF(G54="غياب",VLOOKUP(C54,Employees!$A$3:$J$36,9,FALSE()),0) -> 0
A55: 22/04/2025 | B55: الاربعاء | C55: EMP-002 | D55: =VLOOKUP(C55,Employees!A:J,2,0) -> هشام عادل | E55: 0.42361111 | F55: 0.79166667 | G55: حضور | H55: =E55 -> 0.42361111 | I55: =F55 -> 0.79166667 | J55: =IF(OR(H55="",G55="غياب",G55="إجازة أسبوعية"),0, IF(H55>=E55-TIME(0,20,0),0, IF(H55>=E55-TIME(0,30,0),30,(E55-H55)*1440))) -> 0 | K55: =(J55/60)*VLOOKUP(C55,Employees!A:J,10,0)*1.5 -> 0 | L55: =IF(OR(H55="",G55="غياب",G55="إجازة أسبوعية"),0, IF(H55<=E55+TIME(0,30,0),0, 30+((H55-(E55+TIME(0,30,0)))*1440))) -> 0 | M55: =(L55/60)*VLOOKUP(C55,Employees!A:J,10,0)*2 -> 0 | N55: =IF(OR(I55="",G55="غياب",G55="إجازة أسبوعية",I55<=F55),0, IF(MOD(I55-F55,1)<=TIME(0,25,0),0,MAX(0,(I55-F55)*1440))) -> 0 | O55: =(N55/60)*VLOOKUP(C55,Employees!A:J,10,0)*1.5 -> 0 | P55: =IF(G55="غياب",VLOOKUP(C55,Employees!$A$3:$J$36,9,FALSE()),0) -> 0
A56: 23/04/2025 | B56: الخميس | C56: EMP-002 | D56: =VLOOKUP(C56,Employees!A:J,2,0) -> هشام عادل | E56: 0.42430556 | F56: 0.79166667 | G56: حضور | H56: =E56 -> 0.42430556 | I56: =F56 -> 0.79166667 | J56: =IF(OR(H56="",G56="غياب",G56="إجازة أسبوعية"),0, IF(H56>=E56-TIME(0,20,0),0, IF(H56>=E56-TIME(0,30,0),30,(E56-H56)*1440))) -> 0 | K56: =(J56/60)*VLOOKUP(C56,Employees!A:J,10,0)*1.5 -> 0 | L56: =IF(OR(H56="",G56="غياب",G56="إجازة أسبوعية"),0, IF(H56<=E56+TIME(0,30,0),0, 30+((H56-(E56+TIME(0,30,0)))*1440))) -> 0 | M56: =(L56/60)*VLOOKUP(C56,Employees!A:J,10,0)*2 -> 0 | N56: =IF(OR(I56="",G56="غياب",G56="إجازة أسبوعية",I56<=F56),0, IF(MOD(I56-F56,1)<=TIME(0,25,0),0,MAX(0,(I56-F56)*1440))) -> 0 | O56: =(N56/60)*VLOOKUP(C56,Employees!A:J,10,0)*1.5 -> 0 | P56: =IF(G56="غياب",VLOOKUP(C56,Employees!$A$3:$J$36,9,FALSE()),0) -> 0
A57: 24/04/2025 | B57: الجمعه | C57: EMP-002 | D57: =VLOOKUP(C57,Employees!A:J,2,0) -> هشام عادل | E57: 0.40069444 | F57: 0.75 | G57: حضور | H57: =E57 -> 0.40069444 | I57: =F57 -> 0.75 | J57: =IF(OR(H57="",G57="غياب",G57="إجازة أسبوعية"),0, IF(H57>=E57-TIME(0,20,0),0, IF(H57>=E57-TIME(0,30,0),30,(E57-H57)*1440))) -> 0 | K57: =(J57/60)*VLOOKUP(C57,Employees!A:J,10,0)*1.5 -> 0 | L57: =IF(OR(H57="",G57="غياب",G57="إجازة أسبوعية"),0, IF(H57<=E57+TIME(0,30,0),0, 30+((H57-(E57+TIME(0,30,0)))*1440))) -> 0 | M57: =(L57/60)*VLOOKUP(C57,Employees!A:J,10,0)*2 -> 0 | N57: =IF(OR(I57="",G57="غياب",G57="إجازة أسبوعية",I57<=F57),0, IF(MOD(I57-F57,1)<=TIME(0,25,0),0,MAX(0,(I57-F57)*1440))) -> 0 | O57: =(N57/60)*VLOOKUP(C57,Employees!A:J,10,0)*1.5 -> 0 | P57: =IF(G57="غياب",VLOOKUP(C57,Employees!$A$3:$J$36,9,FALSE()),0) -> 0
A58: 25/04/2025 | B58: السبت | C58: EMP-002 | D58: =VLOOKUP(C58,Employees!A:J,2,0) -> هشام عادل | E58: 0.375 | F58: 0.75 | G58: حضور | H58: =E58 -> 0.375 | I58: =F58 -> 0.75 | J58: =IF(OR(H58="",G58="غياب",G58="إجازة أسبوعية"),0, IF(H58>=E58-TIME(0,20,0),0, IF(H58>=E58-TIME(0,30,0),30,(E58-H58)*1440))) -> 0 | K58: =(J58/60)*VLOOKUP(C58,Employees!A:J,10,0)*1.5 -> 0 | L58: =IF(OR(H58="",G58="غياب",G58="إجازة أسبوعية"),0, IF(H58<=E58+TIME(0,30,0),0, 30+((H58-(E58+TIME(0,30,0)))*1440))) -> 0 | M58: =(L58/60)*VLOOKUP(C58,Employees!A:J,10,0)*2 -> 0 | N58: =IF(OR(I58="",G58="غياب",G58="إجازة أسبوعية",I58<=F58),0, IF(MOD(I58-F58,1)<=TIME(0,25,0),0,MAX(0,(I58-F58)*1440))) -> 0 | O58: =(N58/60)*VLOOKUP(C58,Employees!A:J,10,0)*1.5 -> 0 | P58: =IF(G58="غياب",VLOOKUP(C58,Employees!$A$3:$J$36,9,FALSE()),0) -> 0
A59: 26/04/2025 | B59: الاحد | C59: EMP-002 | D59: =VLOOKUP(C59,Employees!A:J,2,0) -> هشام عادل | E59: _ | F59: _ | G59: اجازة اسبوعية | H59: _ | I59: _ | J59: _ | K59: _ | L59: _ | M59: _ | N59: _ | O59: _ | P59: =IF(G59="غياب",VLOOKUP(C59,Employees!$A$3:$J$36,9,FALSE()),0) -> 0
A60: 27/04/2025 | B60: الاثنين | C60: EMP-002 | D60: =VLOOKUP(C60,Employees!A:J,2,0) -> هشام عادل | E60: 0.40694444 | F60: 0.75 | G60: حضور | H60: =E60 -> 0.40694444 | I60: =F60 -> 0.75 | J60: =IF(OR(H60="",G60="غياب",G60="إجازة أسبوعية"),0, IF(H60>=E60-TIME(0,20,0),0, IF(H60>=E60-TIME(0,30,0),30,(E60-H60)*1440))) -> 0 | K60: =(J60/60)*VLOOKUP(C60,Employees!A:J,10,0)*1.5 -> 0 | L60: =IF(OR(H60="",G60="غياب",G60="إجازة أسبوعية"),0, IF(H60<=E60+TIME(0,30,0),0, 30+((H60-(E60+TIME(0,30,0)))*1440))) -> 0 | M60: =(L60/60)*VLOOKUP(C60,Employees!A:J,10,0)*2 -> 0 | N60: =IF(OR(I60="",G60="غياب",G60="إجازة أسبوعية",I60<=F60),0, IF(MOD(I60-F60,1)<=TIME(0,25,0),0,MAX(0,(I60-F60)*1440))) -> 0 | O60: =(N60/60)*VLOOKUP(C60,Employees!A:J,10,0)*1.5 -> 0 | P60: =IF(G60="غياب",VLOOKUP(C60,Employees!$A$3:$J$36,9,FALSE()),0) -> 0
A61: 28/04/2025 | B61: الثلاثاء | C61: EMP-002 | D61: =VLOOKUP(C61,Employees!A:J,2,0) -> هشام عادل | E61: 0.38541667 | F61: 0.75 | G61: حضور | H61: =E61 -> 0.38541667 | I61: =F61 -> 0.75 | J61: =IF(OR(H61="",G61="غياب",G61="إجازة أسبوعية"),0, IF(H61>=E61-TIME(0,20,0),0, IF(H61>=E61-TIME(0,30,0),30,(E61-H61)*1440))) -> 0 | K61: =(J61/60)*VLOOKUP(C61,Employees!A:J,10,0)*1.5 -> 0 | L61: =IF(OR(H61="",G61="غياب",G61="إجازة أسبوعية"),0, IF(H61<=E61+TIME(0,30,0),0, 30+((H61-(E61+TIME(0,30,0)))*1440))) -> 0 | M61: =(L61/60)*VLOOKUP(C61,Employees!A:J,10,0)*2 -> 0 | N61: =IF(OR(I61="",G61="غياب",G61="إجازة أسبوعية",I61<=F61),0, IF(MOD(I61-F61,1)<=TIME(0,25,0),0,MAX(0,(I61-F61)*1440))) -> 0 | O61: =(N61/60)*VLOOKUP(C61,Employees!A:J,10,0)*1.5 -> 0 | P61: =IF(G61="غياب",VLOOKUP(C61,Employees!$A$3:$J$36,9,FALSE()),0) -> 0
A62: 29/04/2025 | B62: الاربعاء | C62: EMP-002 | D62: =VLOOKUP(C62,Employees!A:J,2,0) -> هشام عادل | E62: 0.38402778 | F62: 0.75 | G62: حضور | H62: =E62 -> 0.38402778 | I62: =F62 -> 0.75 | J62: =IF(OR(H62="",G62="غياب",G62="إجازة أسبوعية"),0, IF(H62>=E62-TIME(0,20,0),0, IF(H62>=E62-TIME(0,30,0),30,(E62-H62)*1440))) -> 0 | K62: =(J62/60)*VLOOKUP(C62,Employees!A:J,10,0)*1.5 -> 0 | L62: =IF(OR(H62="",G62="غياب",G62="إجازة أسبوعية"),0, IF(H62<=E62+TIME(0,30,0),0, 30+((H62-(E62+TIME(0,30,0)))*1440))) -> 0 | M62: =(L62/60)*VLOOKUP(C62,Employees!A:J,10,0)*2 -> 0 | N62: =IF(OR(I62="",G62="غياب",G62="إجازة أسبوعية",I62<=F62),0, IF(MOD(I62-F62,1)<=TIME(0,25,0),0,MAX(0,(I62-F62)*1440))) -> 0 | O62: =(N62/60)*VLOOKUP(C62,Employees!A:J,10,0)*1.5 -> 0 | P62: =IF(G62="غياب",VLOOKUP(C62,Employees!$A$3:$J$36,9,FALSE()),0) -> 0
A63: 30/04/2025 | B63: الخميس | C63: EMP-002 | D63: =VLOOKUP(C63,Employees!A:J,2,0) -> هشام عادل | E63: 0.37986111 | F63: 0.75 | G63: حضور | H63: =E63 -> 0.37986111 | I63: =F63 -> 0.75 | J63: =IF(OR(H63="",G63="غياب",G63="إجازة أسبوعية"),0, IF(H63>=E63-TIME(0,20,0),0, IF(H63>=E63-TIME(0,30,0),30,(E63-H63)*1440))) -> 0 | K63: =(J63/60)*VLOOKUP(C63,Employees!A:J,10,0)*1.5 -> 0 | L63: =IF(OR(H63="",G63="غياب",G63="إجازة أسبوعية"),0, IF(H63<=E63+TIME(0,30,0),0, 30+((H63-(E63+TIME(0,30,0)))*1440))) -> 0 | M63: =(L63/60)*VLOOKUP(C63,Employees!A:J,10,0)*2 -> 0 | N63: =IF(OR(I63="",G63="غياب",G63="إجازة أسبوعية",I63<=F63),0, IF(MOD(I63-F63,1)<=TIME(0,25,0),0,MAX(0,(I63-F63)*1440))) -> 0 | O63: =(N63/60)*VLOOKUP(C63,Employees!A:J,10,0)*1.5 -> 0 | P63: =IF(G63="غياب",VLOOKUP(C63,Employees!$A$3:$J$36,9,FALSE()),0) -> 0
A64: 01/04/2025 | B64: الاربعاء | C64: EMP-003 | D64: =VLOOKUP(C64,Employees!A:J,2,0) -> احمد الشاذلى | E64: 0.39791667 | F64: 0.75 | G64: حضور | H64: 0.40902778 | I64: 0.75 | J64: =IF(OR(H64="",G64="غياب",G64="إجازة أسبوعية"),0, IF(H64>=E64-TIME(0,20,0),0, IF(H64>=E64-TIME(0,30,0),30,(E64-H64)*1440))) -> 0 | K64: =(J64/60)*VLOOKUP(C64,Employees!A:J,10,0)*1.5 -> 0 | L64: =IF(OR(H64="",G64="غياب",G64="إجازة أسبوعية"),0, IF(H64<=E64+TIME(0,30,0),0, 30+((H64-(E64+TIME(0,30,0)))*1440))) -> 0 | M64: =(L64/60)*VLOOKUP(C64,Employees!A:J,10,0)*2 -> 0 | N64: =IF(OR(I64="",G64="غياب",G64="إجازة أسبوعية",I64<=F64),0, IF(MOD(I64-F64,1)<=TIME(0,25,0),0,MAX(0,(I64-F64)*1440))) -> 0 | O64: =(N64/60)*VLOOKUP(C64,Employees!A:J,10,0)*1.5 -> 0 | P64: =IF(G64="غياب",VLOOKUP(C64,Employees!$A$3:$J$36,9,FALSE()),0) -> 0
A65: 02/04/2025 | B65: الخميس | C65: EMP-003 | D65: =VLOOKUP(C65,Employees!A:J,2,0) -> احمد الشاذلى | E65: 0.375 | F65: 0.75 | G65: غياب | H65: _ | I65: _ | J65: =IF(OR(G65="غياب",G65="إجازة أسبوعية"),0, IF(H65>=E65-TIME(0,20,0),0, IF(H65>=E65-TIME(0,30,0),30,(E65-H65)*1440))) -> 0 | K65: =(J65/60)*VLOOKUP(C65,Employees!A:J,10,0)*1.5 -> 0 | L65: _ | M65: _ | N65: _ | O65: _ | P65: =IF(G65="غياب",VLOOKUP(C65,Employees!$A$3:$J$36,9,FALSE()),0) -> 259.25926
A66: 03/04/2025 | B66: الجمعه | C66: EMP-003 | D66: =VLOOKUP(C66,Employees!A:J,2,0) -> احمد الشاذلى | E66: 0.39583333 | F66: 0.75 | G66: حضور | H66: 0.39652778 | I66: 0.75 | J66: =IF(OR(H66="",G66="غياب",G66="إجازة أسبوعية"),0, IF(H66>=E66-TIME(0,20,0),0, IF(H66>=E66-TIME(0,30,0),30,(E66-H66)*1440))) -> 0 | K66: =(J66/60)*VLOOKUP(C66,Employees!A:J,10,0)*1.5 -> 0 | L66: =IF(OR(H66="",G66="غياب",G66="إجازة أسبوعية"),0, IF(H66<=E66+TIME(0,30,0),0, 30+((H66-(E66+TIME(0,30,0)))*1440))) -> 0 | M66: =(L66/60)*VLOOKUP(C66,Employees!A:J,10,0)*2 -> 0 | N66: =IF(OR(I66="",G66="غياب",G66="إجازة أسبوعية",I66<=F66),0, IF(MOD(I66-F66,1)<=TIME(0,25,0),0,MAX(0,(I66-F66)*1440))) -> 0 | O66: =(N66/60)*VLOOKUP(C66,Employees!A:J,10,0)*1.5 -> 0 | P66: =IF(G66="غياب",VLOOKUP(C66,Employees!$A$3:$J$36,9,FALSE()),0) -> 0
A67: 04/04/2025 | B67: السبت | C67: EMP-003 | D67: =VLOOKUP(C67,Employees!A:J,2,0) -> احمد الشاذلى | E67: 0.38958333 | F67: 0.75 | G67: حضور | H67: 0.40555556 | I67: 0.78402778 | J67: =IF(OR(H67="",G67="غياب",G67="إجازة أسبوعية"),0, IF(H67>=E67-TIME(0,20,0),0, IF(H67>=E67-TIME(0,30,0),30,(E67-H67)*1440))) -> 0 | K67: =(J67/60)*VLOOKUP(C67,Employees!A:J,10,0)*1.5 -> 0 | L67: =IF(OR(H67="",G67="غياب",G67="إجازة أسبوعية"),0, IF(H67<=E67+TIME(0,30,0),0, 30+((H67-(E67+TIME(0,30,0)))*1440))) -> 0 | M67: =(L67/60)*VLOOKUP(C67,Employees!A:J,10,0)*2 -> 0 | N67: =IF(OR(I67="",G67="غياب",G67="إجازة أسبوعية",I67<=F67),0, IF(MOD(I67-F67,1)<=TIME(0,25,0),0,MAX(0,(I67-F67)*1440))) -> 49 | O67: =(N67/60)*VLOOKUP(C67,Employees!A:J,10,0)*1.5 -> 35.288066 | P67: =IF(G67="غياب",VLOOKUP(C67,Employees!$A$3:$J$36,9,FALSE()),0) -> 0
A68: 05/04/2025 | B68: الاحد | C68: EMP-003 | D68: =VLOOKUP(C68,Employees!A:J,2,0) -> احمد الشاذلى | E68: _ | F68: _ | G68: اجازة اسبوعية | H68: _ | I68: _ | J68: _ | K68: _ | L68: _ | M68: _ | N68: _ | O68: _ | P68: =IF(G68="غياب",VLOOKUP(C68,Employees!$A$3:$J$36,9,FALSE()),0) -> 0
A69: 06/04/2025 | B69: الاثنين | C69: EMP-003 | D69: =VLOOKUP(C69,Employees!A:J,2,0) -> احمد الشاذلى | E69: 0.40347222 | F69: 0.75 | G69: حضور | H69: 0.41805556 | I69: 0.7625 | J69: =IF(OR(H69="",G69="غياب",G69="إجازة أسبوعية"),0, IF(H69>=E69-TIME(0,20,0),0, IF(H69>=E69-TIME(0,30,0),30,(E69-H69)*1440))) -> 0 | K69: =(J69/60)*VLOOKUP(C69,Employees!A:J,10,0)*1.5 -> 0 | L69: =IF(OR(H69="",G69="غياب",G69="إجازة أسبوعية"),0, IF(H69<=E69+TIME(0,30,0),0, 30+((H69-(E69+TIME(0,30,0)))*1440))) -> 0 | M69: =(L69/60)*VLOOKUP(C69,Employees!A:J,10,0)*2 -> 0 | N69: =IF(OR(I69="",G69="غياب",G69="إجازة أسبوعية",I69<=F69),0, IF(MOD(I69-F69,1)<=TIME(0,25,0),0,MAX(0,(I69-F69)*1440))) -> 0 | O69: =(N69/60)*VLOOKUP(C69,Employees!A:J,10,0)*1.5 -> 0 | P69: =IF(G69="غياب",VLOOKUP(C69,Employees!$A$3:$J$36,9,FALSE()),0) -> 0
A70: 07/04/2025 | B70: الثلاثاء | C70: EMP-003 | D70: =VLOOKUP(C70,Employees!A:J,2,0) -> احمد الشاذلى | E70: 0.39652778 | F70: 0.75 | G70: حضور | H70: 0.42291667 | I70: 0.75972222 | J70: =IF(OR(H70="",G70="غياب",G70="إجازة أسبوعية"),0, IF(H70>=E70-TIME(0,20,0),0, IF(H70>=E70-TIME(0,30,0),30,(E70-H70)*1440))) -> 0 | K70: =(J70/60)*VLOOKUP(C70,Employees!A:J,10,0)*1.5 -> 0 | L70: =IF(OR(H70="",G70="غياب",G70="إجازة أسبوعية"),0, IF(H70<=E70+TIME(0,30,0),0, 30+((H70-(E70+TIME(0,30,0)))*1440))) -> 38 | M70: =(L70/60)*VLOOKUP(C70,Employees!A:J,10,0)*2 -> 36.48834 | N70: =IF(OR(I70="",G70="غياب",G70="إجازة أسبوعية",I70<=F70),0, IF(MOD(I70-F70,1)<=TIME(0,25,0),0,MAX(0,(I70-F70)*1440))) -> 0 | O70: =(N70/60)*VLOOKUP(C70,Employees!A:J,10,0)*1.5 -> 0 | P70: =IF(G70="غياب",VLOOKUP(C70,Employees!$A$3:$J$36,9,FALSE()),0) -> 0
A71: 08/04/2025 | B71: الاربعاء | C71: EMP-003 | D71: =VLOOKUP(C71,Employees!A:J,2,0) -> احمد الشاذلى | E71: 0.39236111 | F71: 0.75 | G71: حضور | H71: 0.42361111 | I71: 0.74930556 | J71: =IF(OR(H71="",G71="غياب",G71="إجازة أسبوعية"),0, IF(H71>=E71-TIME(0,20,0),0, IF(H71>=E71-TIME(0,30,0),30,(E71-H71)*1440))) -> 0 | K71: =(J71/60)*VLOOKUP(C71,Employees!A:J,10,0)*1.5 -> 0 | L71: =IF(OR(H71="",G71="غياب",G71="إجازة أسبوعية"),0, IF(H71<=E71+TIME(0,30,0),0, 30+((H71-(E71+TIME(0,30,0)))*1440))) -> 45 | M71: =(L71/60)*VLOOKUP(C71,Employees!A:J,10,0)*2 -> 43.209877 | N71: =IF(OR(I71="",G71="غياب",G71="إجازة أسبوعية",I71<=F71),0, IF(MOD(I71-F71,1)<=TIME(0,25,0),0,MAX(0,(I71-F71)*1440))) -> 0 | O71: =(N71/60)*VLOOKUP(C71,Employees!A:J,10,0)*1.5 -> 0 | P71: =IF(G71="غياب",VLOOKUP(C71,Employees!$A$3:$J$36,9,FALSE()),0) -> 0
A72: 09/04/2025 | B72: الخميس | C72: EMP-003 | D72: =VLOOKUP(C72,Employees!A:J,2,0) -> احمد الشاذلى | E72: 0.38819444 | F72: 0.75 | G72: حضور | H72: 0.38819444 | I72: 0.74583333 | J72: =IF(OR(H72="",G72="غياب",G72="إجازة أسبوعية"),0, IF(H72>=E72-TIME(0,20,0),0, IF(H72>=E72-TIME(0,30,0),30,(E72-H72)*1440))) -> 0 | K72: =(J72/60)*VLOOKUP(C72,Employees!A:J,10,0)*1.5 -> 0 | L72: =IF(OR(H72="",G72="غياب",G72="إجازة أسبوعية"),0, IF(H72<=E72+TIME(0,30,0),0, 30+((H72-(E72+TIME(0,30,0)))*1440))) -> 0 | M72: =(L72/60)*VLOOKUP(C72,Employees!A:J,10,0)*2 -> 0 | N72: =IF(OR(I72="",G72="غياب",G72="إجازة أسبوعية",I72<=F72),0, IF(MOD(I72-F72,1)<=TIME(0,25,0),0,MAX(0,(I72-F72)*1440))) -> 0 | O72: =(N72/60)*VLOOKUP(C72,Employees!A:J,10,0)*1.5 -> 0 | P72: =IF(G72="غياب",VLOOKUP(C72,Employees!$A$3:$J$36,9,FALSE()),0) -> 0
A73: 10/04/2025 | B73: الجمعه | C73: EMP-003 | D73: =VLOOKUP(C73,Employees!A:J,2,0) -> احمد الشاذلى | E73: 0.40625 | F73: 0.75 | G73: حضور | H73: 0.40694444 | I73: 0.75 | J73: =IF(OR(H73="",G73="غياب",G73="إجازة أسبوعية"),0, IF(H73>=E73-TIME(0,20,0),0, IF(H73>=E73-TIME(0,30,0),30,(E73-H73)*1440))) -> 0 | K73: =(J73/60)*VLOOKUP(C73,Employees!A:J,10,0)*1.5 -> 0 | L73: =IF(OR(H73="",G73="غياب",G73="إجازة أسبوعية"),0, IF(H73<=E73+TIME(0,30,0),0, 30+((H73-(E73+TIME(0,30,0)))*1440))) -> 0 | M73: =(L73/60)*VLOOKUP(C73,Employees!A:J,10,0)*2 -> 0 | N73: =IF(OR(I73="",G73="غياب",G73="إجازة أسبوعية",I73<=F73),0, IF(MOD(I73-F73,1)<=TIME(0,25,0),0,MAX(0,(I73-F73)*1440))) -> 0 | O73: =(N73/60)*VLOOKUP(C73,Employees!A:J,10,0)*1.5 -> 0 | P73: =IF(G73="غياب",VLOOKUP(C73,Employees!$A$3:$J$36,9,FALSE()),0) -> 0
A74: 11/04/2025 | B74: السبت | C74: EMP-003 | D74: =VLOOKUP(C74,Employees!A:J,2,0) -> احمد الشاذلى | E74: 0.41666667 | F74: 0.79166667 | G74: حضور | H74: 0.41666667 | I74: 0.75625 | J74: =IF(OR(H74="",G74="غياب",G74="إجازة أسبوعية"),0, IF(H74>=E74-TIME(0,20,0),0, IF(H74>=E74-TIME(0,30,0),30,(E74-H74)*1440))) -> 0 | K74: =(J74/60)*VLOOKUP(C74,Employees!A:J,10,0)*1.5 -> 0 | L74: =IF(OR(H74="",G74="غياب",G74="إجازة أسبوعية"),0, IF(H74<=E74+TIME(0,30,0),0, 30+((H74-(E74+TIME(0,30,0)))*1440))) -> 0 | M74: =(L74/60)*VLOOKUP(C74,Employees!A:J,10,0)*2 -> 0 | N74: =IF(OR(I74="",G74="غياب",G74="إجازة أسبوعية",I74<=F74),0, IF(MOD(I74-F74,1)<=TIME(0,25,0),0,MAX(0,(I74-F74)*1440))) -> 0 | O74: =(N74/60)*VLOOKUP(C74,Employees!A:J,10,0)*1.5 -> 0 | P74: =IF(G74="غياب",VLOOKUP(C74,Employees!$A$3:$J$36,9,FALSE()),0) -> 0
A75: 12/04/2025 | B75: الاحد | C75: EMP-003 | D75: =VLOOKUP(C75,Employees!A:J,2,0) -> احمد الشاذلى | E75: _ | F75: _ | G75: اجازة اسبوعية | H75: _ | I75: _ | J75: _ | K75: _ | L75: _ | M75: _ | N75: _ | O75: _ | P75: =IF(G75="غياب",VLOOKUP(C75,Employees!$A$3:$J$36,9,FALSE()),0) -> 0
A76: 13/04/2025 | B76: الاثنين | C76: EMP-003 | D76: =VLOOKUP(C76,Employees!A:J,2,0) -> احمد الشاذلى | E76: _ | F76: _ | G76: اجازة اسبوعية | H76: _ | I76: _ | J76: _ | K76: _ | L76: _ | M76: _ | N76: _ | O76: _ | P76: =IF(G76="غياب",VLOOKUP(C76,Employees!$A$3:$J$36,9,FALSE()),0) -> 0
A77: 14/04/2025 | B77: الثلاثاء | C77: EMP-003 | D77: =VLOOKUP(C77,Employees!A:J,2,0) -> احمد الشاذلى | E77: 0.41666667 | F77: 0.79166667 | G77: حضور | H77: 0.41666667 | I77: 0.75138889 | J77: =IF(OR(H77="",G77="غياب",G77="إجازة أسبوعية"),0, IF(H77>=E77-TIME(0,20,0),0, IF(H77>=E77-TIME(0,30,0),30,(E77-H77)*1440))) -> 0 | K77: =(J77/60)*VLOOKUP(C77,Employees!A:J,10,0)*1.5 -> 0 | L77: =IF(OR(H77="",G77="غياب",G77="إجازة أسبوعية"),0, IF(H77<=E77+TIME(0,30,0),0, 30+((H77-(E77+TIME(0,30,0)))*1440))) -> 0 | M77: =(L77/60)*VLOOKUP(C77,Employees!A:J,10,0)*2 -> 0 | N77: =IF(OR(I77="",G77="غياب",G77="إجازة أسبوعية",I77<=F77),0, IF(MOD(I77-F77,1)<=TIME(0,25,0),0,MAX(0,(I77-F77)*1440))) -> 0 | O77: =(N77/60)*VLOOKUP(C77,Employees!A:J,10,0)*1.5 -> 0 | P77: =IF(G77="غياب",VLOOKUP(C77,Employees!$A$3:$J$36,9,FALSE()),0) -> 0
A78: 15/04/2025 | B78: الاربعاء | C78: EMP-003 | D78: =VLOOKUP(C78,Employees!A:J,2,0) -> احمد الشاذلى | E78: 0.41666667 | F78: 0.79166667 | G78: حضور | H78: 0.41666667 | I78: 0.74444444 | J78: =IF(OR(H78="",G78="غياب",G78="إجازة أسبوعية"),0, IF(H78>=E78-TIME(0,20,0),0, IF(H78>=E78-TIME(0,30,0),30,(E78-H78)*1440))) -> 0 | K78: =(J78/60)*VLOOKUP(C78,Employees!A:J,10,0)*1.5 -> 0 | L78: =IF(OR(H78="",G78="غياب",G78="إجازة أسبوعية"),0, IF(H78<=E78+TIME(0,30,0),0, 30+((H78-(E78+TIME(0,30,0)))*1440))) -> 0 | M78: =(L78/60)*VLOOKUP(C78,Employees!A:J,10,0)*2 -> 0 | N78: =IF(OR(I78="",G78="غياب",G78="إجازة أسبوعية",I78<=F78),0, IF(MOD(I78-F78,1)<=TIME(0,25,0),0,MAX(0,(I78-F78)*1440))) -> 0 | O78: =(N78/60)*VLOOKUP(C78,Employees!A:J,10,0)*1.5 -> 0 | P78: =IF(G78="غياب",VLOOKUP(C78,Employees!$A$3:$J$36,9,FALSE()),0) -> 0
A79: 16/04/2025 | B79: الخميس | C79: EMP-003 | D79: =VLOOKUP(C79,Employees!A:J,2,0) -> احمد الشاذلى | E79: 0.41666667 | F79: 0.79166667 | G79: غياب | H79: _ | I79: _ | J79: =IF(OR(G79="غياب",G79="إجازة أسبوعية"),0, IF(H79>=E79-TIME(0,20,0),0, IF(H79>=E79-TIME(0,30,0),30,(E79-H79)*1440))) -> 0 | K79: =(J79/60)*VLOOKUP(C79,Employees!A:J,10,0)*1.5 -> 0 | L79: _ | M79: _ | N79: _ | O79: _ | P79: =IF(G79="غياب",VLOOKUP(C79,Employees!$A$3:$J$36,9,FALSE()),0) -> 259.25926
A80: 17/04/2025 | B80: الجمعه | C80: EMP-003 | D80: =VLOOKUP(C80,Employees!A:J,2,0) -> احمد الشاذلى | E80: 0.42916667 | F80: 0.79166667 | G80: حضور | H80: 0.43541667 | I80: 0.775 | J80: =IF(OR(H80="",G80="غياب",G80="إجازة أسبوعية"),0, IF(H80>=E80-TIME(0,20,0),0, IF(H80>=E80-TIME(0,30,0),30,(E80-H80)*1440))) -> 0 | K80: =(J80/60)*VLOOKUP(C80,Employees!A:J,10,0)*1.5 -> 0 | L80: =IF(OR(H80="",G80="غياب",G80="إجازة أسبوعية"),0, IF(H80<=E80+TIME(0,30,0),0, 30+((H80-(E80+TIME(0,30,0)))*1440))) -> 0 | M80: =(L80/60)*VLOOKUP(C80,Employees!A:J,10,0)*2 -> 0 | N80: =IF(OR(I80="",G80="غياب",G80="إجازة أسبوعية",I80<=F80),0, IF(MOD(I80-F80,1)<=TIME(0,25,0),0,MAX(0,(I80-F80)*1440))) -> 0 | O80: =(N80/60)*VLOOKUP(C80,Employees!A:J,10,0)*1.5 -> 0 | P80: =IF(G80="غياب",VLOOKUP(C80,Employees!$A$3:$J$36,9,FALSE()),0) -> 0
A81: 18/04/2025 | B81: السبت | C81: EMP-003 | D81: =VLOOKUP(C81,Employees!A:J,2,0) -> احمد الشاذلى | E81: 0.41666667 | F81: 0.79166667 | G81: غياب | H81: _ | I81: _ | J81: =IF(OR(G81="غياب",G81="إجازة أسبوعية"),0, IF(H81>=E81-TIME(0,20,0),0, IF(H81>=E81-TIME(0,30,0),30,(E81-H81)*1440))) -> 0 | K81: =(J81/60)*VLOOKUP(C81,Employees!A:J,10,0)*1.5 -> 0 | L81: _ | M81: _ | N81: _ | O81: _ | P81: =IF(G81="غياب",VLOOKUP(C81,Employees!$A$3:$J$36,9,FALSE()),0) -> 259.25926
A82: 19/04/2025 | B82: الاحد | C82: EMP-003 | D82: =VLOOKUP(C82,Employees!A:J,2,0) -> احمد الشاذلى | E82: _ | F82: _ | G82: اجازة اسبوعية | H82: _ | I82: _ | J82: _ | K82: _ | L82: _ | M82: _ | N82: _ | O82: _ | P82: =IF(G82="غياب",VLOOKUP(C82,Employees!$A$3:$J$36,9,FALSE()),0) -> 0
A83: 20/04/2025 | B83: الاثنين | C83: EMP-003 | D83: =VLOOKUP(C83,Employees!A:J,2,0) -> احمد الشاذلى | E83: 0.42152778 | F83: 0.79166667 | G83: حضور | H83: 0.42430556 | I83: 0.79027778 | J83: =IF(OR(H83="",G83="غياب",G83="إجازة أسبوعية"),0, IF(H83>=E83-TIME(0,20,0),0, IF(H83>=E83-TIME(0,30,0),30,(E83-H83)*1440))) -> 0 | K83: =(J83/60)*VLOOKUP(C83,Employees!A:J,10,0)*1.5 -> 0 | L83: =IF(OR(H83="",G83="غياب",G83="إجازة أسبوعية"),0, IF(H83<=E83+TIME(0,30,0),0, 30+((H83-(E83+TIME(0,30,0)))*1440))) -> 0 | M83: =(L83/60)*VLOOKUP(C83,Employees!A:J,10,0)*2 -> 0 | N83: =IF(OR(I83="",G83="غياب",G83="إجازة أسبوعية",I83<=F83),0, IF(MOD(I83-F83,1)<=TIME(0,25,0),0,MAX(0,(I83-F83)*1440))) -> 0 | O83: =(N83/60)*VLOOKUP(C83,Employees!A:J,10,0)*1.5 -> 0 | P83: =IF(G83="غياب",VLOOKUP(C83,Employees!$A$3:$J$36,9,FALSE()),0) -> 0
A84: 21/04/2025 | B84: الثلاثاء | C84: EMP-003 | D84: =VLOOKUP(C84,Employees!A:J,2,0) -> احمد الشاذلى | E84: 0.43055556 | F84: 0.79166667 | G84: حضور | H84: 0.45902778 | I84: 0.78611111 | J84: =IF(OR(H84="",G84="غياب",G84="إجازة أسبوعية"),0, IF(H84>=E84-TIME(0,20,0),0, IF(H84>=E84-TIME(0,30,0),30,(E84-H84)*1440))) -> 0 | K84: =(J84/60)*VLOOKUP(C84,Employees!A:J,10,0)*1.5 -> 0 | L84: =IF(OR(H84="",G84="غياب",G84="إجازة أسبوعية"),0, IF(H84<=E84+TIME(0,30,0),0, 30+((H84-(E84+TIME(0,30,0)))*1440))) -> 41 | M84: =(L84/60)*VLOOKUP(C84,Employees!A:J,10,0)*2 -> 39.368999 | N84: =IF(OR(I84="",G84="غياب",G84="إجازة أسبوعية",I84<=F84),0, IF(MOD(I84-F84,1)<=TIME(0,25,0),0,MAX(0,(I84-F84)*1440))) -> 0 | O84: =(N84/60)*VLOOKUP(C84,Employees!A:J,10,0)*1.5 -> 0 | P84: =IF(G84="غياب",VLOOKUP(C84,Employees!$A$3:$J$36,9,FALSE()),0) -> 0
A85: 22/04/2025 | B85: الاربعاء | C85: EMP-003 | D85: =VLOOKUP(C85,Employees!A:J,2,0) -> احمد الشاذلى | E85: 0.42361111 | F85: 0.79166667 | G85: حضور | H85: 0.44027778 | I85: 0.79583333 | J85: =IF(OR(H85="",G85="غياب",G85="إجازة أسبوعية"),0, IF(H85>=E85-TIME(0,20,0),0, IF(H85>=E85-TIME(0,30,0),30,(E85-H85)*1440))) -> 0 | K85: =(J85/60)*VLOOKUP(C85,Employees!A:J,10,0)*1.5 -> 0 | L85: =IF(OR(H85="",G85="غياب",G85="إجازة أسبوعية"),0, IF(H85<=E85+TIME(0,30,0),0, 30+((H85-(E85+TIME(0,30,0)))*1440))) -> 0 | M85: =(L85/60)*VLOOKUP(C85,Employees!A:J,10,0)*2 -> 0 | N85: =IF(OR(I85="",G85="غياب",G85="إجازة أسبوعية",I85<=F85),0, IF(MOD(I85-F85,1)<=TIME(0,25,0),0,MAX(0,(I85-F85)*1440))) -> 0 | O85: =(N85/60)*VLOOKUP(C85,Employees!A:J,10,0)*1.5 -> 0 | P85: =IF(G85="غياب",VLOOKUP(C85,Employees!$A$3:$J$36,9,FALSE()),0) -> 0
A86: 23/04/2025 | B86: الخميس | C86: EMP-003 | D86: =VLOOKUP(C86,Employees!A:J,2,0) -> احمد الشاذلى | E86: 0.41666667 | F86: 0.79166667 | G86: غياب | H86: _ | I86: _ | J86: =IF(OR(G86="غياب",G86="إجازة أسبوعية"),0, IF(H86>=E86-TIME(0,20,0),0, IF(H86>=E86-TIME(0,30,0),30,(E86-H86)*1440))) -> 0 | K86: =(J86/60)*VLOOKUP(C86,Employees!A:J,10,0)*1.5 -> 0 | L86: _ | M86: _ | N86: _ | O86: _ | P86: =IF(G86="غياب",VLOOKUP(C86,Employees!$A$3:$J$36,9,FALSE()),0) -> 259.25926
A87: 24/04/2025 | B87: الجمعه | C87: EMP-003 | D87: =VLOOKUP(C87,Employees!A:J,2,0) -> احمد الشاذلى | E87: 0.40069444 | F87: 0.75 | G87: حضور | H87: 0.41666667 | I87: 0.7375 | J87: =IF(OR(H87="",G87="غياب",G87="إجازة أسبوعية"),0, IF(H87>=E87-TIME(0,20,0),0, IF(H87>=E87-TIME(0,30,0),30,(E87-H87)*1440))) -> 0 | K87: =(J87/60)*VLOOKUP(C87,Employees!A:J,10,0)*1.5 -> 0 | L87: =IF(OR(H87="",G87="غياب",G87="إجازة أسبوعية"),0, IF(H87<=E87+TIME(0,30,0),0, 30+((H87-(E87+TIME(0,30,0)))*1440))) -> 0 | M87: =(L87/60)*VLOOKUP(C87,Employees!A:J,10,0)*2 -> 0 | N87: =IF(OR(I87="",G87="غياب",G87="إجازة أسبوعية",I87<=F87),0, IF(MOD(I87-F87,1)<=TIME(0,25,0),0,MAX(0,(I87-F87)*1440))) -> 0 | O87: =(N87/60)*VLOOKUP(C87,Employees!A:J,10,0)*1.5 -> 0 | P87: =IF(G87="غياب",VLOOKUP(C87,Employees!$A$3:$J$36,9,FALSE()),0) -> 0
A88: 25/04/2025 | B88: السبت | C88: EMP-003 | D88: =VLOOKUP(C88,Employees!A:J,2,0) -> احمد الشاذلى | E88: 0.375 | F88: 0.75 | G88: حضور | H88: 0.41111111 | I88: 0.78125 | J88: =IF(OR(H88="",G88="غياب",G88="إجازة أسبوعية"),0, IF(H88>=E88-TIME(0,20,0),0, IF(H88>=E88-TIME(0,30,0),30,(E88-H88)*1440))) -> 0 | K88: =(J88/60)*VLOOKUP(C88,Employees!A:J,10,0)*1.5 -> 0 | L88: =IF(OR(H88="",G88="غياب",G88="إجازة أسبوعية"),0, IF(H88<=E88+TIME(0,30,0),0, 30+((H88-(E88+TIME(0,30,0)))*1440))) -> 52 | M88: =(L88/60)*VLOOKUP(C88,Employees!A:J,10,0)*2 -> 49.931413 | N88: =IF(OR(I88="",G88="غياب",G88="إجازة أسبوعية",I88<=F88),0, IF(MOD(I88-F88,1)<=TIME(0,25,0),0,MAX(0,(I88-F88)*1440))) -> 45 | O88: =(N88/60)*VLOOKUP(C88,Employees!A:J,10,0)*1.5 -> 32.407407 | P88: =IF(G88="غياب",VLOOKUP(C88,Employees!$A$3:$J$36,9,FALSE()),0) -> 0
A89: 26/04/2025 | B89: الاحد | C89: EMP-003 | D89: =VLOOKUP(C89,Employees!A:J,2,0) -> احمد الشاذلى | E89: _ | F89: _ | G89: اجازة اسبوعية | H89: _ | I89: _ | J89: _ | K89: _ | L89: _ | M89: _ | N89: _ | O89: _ | P89: =IF(G89="غياب",VLOOKUP(C89,Employees!$A$3:$J$36,9,FALSE()),0) -> 0
A90: 27/04/2025 | B90: الاثنين | C90: EMP-003 | D90: =VLOOKUP(C90,Employees!A:J,2,0) -> احمد الشاذلى | E90: 0.40694444 | F90: 0.75 | G90: حضور | H90: 0.41041667 | I90: 0.74791667 | J90: =IF(OR(H90="",G90="غياب",G90="إجازة أسبوعية"),0, IF(H90>=E90-TIME(0,20,0),0, IF(H90>=E90-TIME(0,30,0),30,(E90-H90)*1440))) -> 0 | K90: =(J90/60)*VLOOKUP(C90,Employees!A:J,10,0)*1.5 -> 0 | L90: =IF(OR(H90="",G90="غياب",G90="إجازة أسبوعية"),0, IF(H90<=E90+TIME(0,30,0),0, 30+((H90-(E90+TIME(0,30,0)))*1440))) -> 0 | M90: =(L90/60)*VLOOKUP(C90,Employees!A:J,10,0)*2 -> 0 | N90: =IF(OR(I90="",G90="غياب",G90="إجازة أسبوعية",I90<=F90),0, IF(MOD(I90-F90,1)<=TIME(0,25,0),0,MAX(0,(I90-F90)*1440))) -> 0 | O90: =(N90/60)*VLOOKUP(C90,Employees!A:J,10,0)*1.5 -> 0 | P90: =IF(G90="غياب",VLOOKUP(C90,Employees!$A$3:$J$36,9,FALSE()),0) -> 0
A91: 28/04/2025 | B91: الثلاثاء | C91: EMP-003 | D91: =VLOOKUP(C91,Employees!A:J,2,0) -> احمد الشاذلى | E91: 0.38541667 | F91: 0.75 | G91: حضور | H91: 0.39930556 | I91: 0.73958333 | J91: =IF(OR(H91="",G91="غياب",G91="إجازة أسبوعية"),0, IF(H91>=E91-TIME(0,20,0),0, IF(H91>=E91-TIME(0,30,0),30,(E91-H91)*1440))) -> 0 | K91: =(J91/60)*VLOOKUP(C91,Employees!A:J,10,0)*1.5 -> 0 | L91: =IF(OR(H91="",G91="غياب",G91="إجازة أسبوعية"),0, IF(H91<=E91+TIME(0,30,0),0, 30+((H91-(E91+TIME(0,30,0)))*1440))) -> 0 | M91: =(L91/60)*VLOOKUP(C91,Employees!A:J,10,0)*2 -> 0 | N91: =IF(OR(I91="",G91="غياب",G91="إجازة أسبوعية",I91<=F91),0, IF(MOD(I91-F91,1)<=TIME(0,25,0),0,MAX(0,(I91-F91)*1440))) -> 0 | O91: =(N91/60)*VLOOKUP(C91,Employees!A:J,10,0)*1.5 -> 0 | P91: =IF(G91="غياب",VLOOKUP(C91,Employees!$A$3:$J$36,9,FALSE()),0) -> 0
A92: 29/04/2025 | B92: الاربعاء | C92: EMP-003 | D92: =VLOOKUP(C92,Employees!A:J,2,0) -> احمد الشاذلى | E92: 0.38402778 | F92: 0.75 | G92: حضور | H92: 0.4125 | I92: 0.75277778 | J92: =IF(OR(H92="",G92="غياب",G92="إجازة أسبوعية"),0, IF(H92>=E92-TIME(0,20,0),0, IF(H92>=E92-TIME(0,30,0),30,(E92-H92)*1440))) -> 0 | K92: =(J92/60)*VLOOKUP(C92,Employees!A:J,10,0)*1.5 -> 0 | L92: =IF(OR(H92="",G92="غياب",G92="إجازة أسبوعية"),0, IF(H92<=E92+TIME(0,30,0),0, 30+((H92-(E92+TIME(0,30,0)))*1440))) -> 41 | M92: =(L92/60)*VLOOKUP(C92,Employees!A:J,10,0)*2 -> 39.368999 | N92: =IF(OR(I92="",G92="غياب",G92="إجازة أسبوعية",I92<=F92),0, IF(MOD(I92-F92,1)<=TIME(0,25,0),0,MAX(0,(I92-F92)*1440))) -> 0 | O92: =(N92/60)*VLOOKUP(C92,Employees!A:J,10,0)*1.5 -> 0 | P92: =IF(G92="غياب",VLOOKUP(C92,Employees!$A$3:$J$36,9,FALSE()),0) -> 0
A93: 30/04/2025 | B93: الخميس | C93: EMP-003 | D93: =VLOOKUP(C93,Employees!A:J,2,0) -> احمد الشاذلى | E93: 0.37986111 | F93: 0.75 | G93: حضور | H93: 0.40069444 | I93: 0.72638889 | J93: =IF(OR(H93="",G93="غياب",G93="إجازة أسبوعية"),0, IF(H93>=E93-TIME(0,20,0),0, IF(H93>=E93-TIME(0,30,0),30,(E93-H93)*1440))) -> 0 | K93: =(J93/60)*VLOOKUP(C93,Employees!A:J,10,0)*1.5 -> 0 | L93: =IF(OR(H93="",G93="غياب",G93="إجازة أسبوعية"),0, IF(H93<=E93+TIME(0,30,0),0, 30+((H93-(E93+TIME(0,30,0)))*1440))) -> 0 | M93: =(L93/60)*VLOOKUP(C93,Employees!A:J,10,0)*2 -> 0 | N93: =IF(OR(I93="",G93="غياب",G93="إجازة أسبوعية",I93<=F93),0, IF(MOD(I93-F93,1)<=TIME(0,25,0),0,MAX(0,(I93-F93)*1440))) -> 0 | O93: =(N93/60)*VLOOKUP(C93,Employees!A:J,10,0)*1.5 -> 0 | P93: =IF(G93="غياب",VLOOKUP(C93,Employees!$A$3:$J$36,9,FALSE()),0) -> 0
A94: 01/04/2025 | B94: الاربعاء | C94: EMP-004 | D94: =VLOOKUP(C94,Employees!A:J,2,0) -> يوسف احمد | E94: 0.39791667 | F94: 0.875 | G94: حضور | H94: 0.40416667 | I94: 0.86319444 | J94: =IF(OR(H94="",G94="غياب",G94="إجازة أسبوعية"),0, IF(H94>=E94-TIME(0,20,0),0, IF(H94>=E94-TIME(0,30,0),30,(E94-H94)*1440))) -> 0 | K94: =(J94/60)*VLOOKUP(C94,Employees!A:J,10,0)*1.5 -> 0 | L94: =IF(OR(H94="",G94="غياب",G94="إجازة أسبوعية"),0, IF(H94<=E94+TIME(0,30,0),0, 30+((H94-(E94+TIME(0,30,0)))*1440))) -> 0 | M94: =(L94/60)*VLOOKUP(C94,Employees!A:J,10,0)*2 -> 0 | N94: =IF(OR(I94="",G94="غياب",G94="إجازة أسبوعية",I94<=F94),0, IF(MOD(I94-F94,1)<=TIME(0,25,0),0,MAX(0,(I94-F94)*1440))) -> 0 | O94: =(N94/60)*VLOOKUP(C94,Employees!A:J,10,0)*1.5 -> 0 | P94: =IF(G94="غياب",VLOOKUP(C94,Employees!$A$3:$J$36,9,FALSE()),0) -> 0
A95: 02/04/2025 | B95: الخميس | C95: EMP-004 | D95: =VLOOKUP(C95,Employees!A:J,2,0) -> يوسف احمد | E95: 0.39166667 | F95: 0.875 | G95: حضور | H95: 0.40416667 | I95: 0.9 | J95: =IF(OR(H95="",G95="غياب",G95="إجازة أسبوعية"),0, IF(H95>=E95-TIME(0,20,0),0, IF(H95>=E95-TIME(0,30,0),30,(E95-H95)*1440))) -> 0 | K95: =(J95/60)*VLOOKUP(C95,Employees!A:J,10,0)*1.5 -> 0 | L95: =IF(OR(H95="",G95="غياب",G95="إجازة أسبوعية"),0, IF(H95<=E95+TIME(0,30,0),0, 30+((H95-(E95+TIME(0,30,0)))*1440))) -> 0 | M95: =(L95/60)*VLOOKUP(C95,Employees!A:J,10,0)*2 -> 0 | N95: =IF(OR(I95="",G95="غياب",G95="إجازة أسبوعية",I95<=F95),0, IF(MOD(I95-F95,1)<=TIME(0,25,0),0,MAX(0,(I95-F95)*1440))) -> 36 | O95: =(N95/60)*VLOOKUP(C95,Employees!A:J,10,0)*1.5 -> 19.444444 | P95: =IF(G95="غياب",VLOOKUP(C95,Employees!$A$3:$J$36,9,FALSE()),0) -> 0
A96: 03/04/2025 | B96: الجمعه | C96: EMP-004 | D96: =VLOOKUP(C96,Employees!A:J,2,0) -> يوسف احمد | E96: 0.39583333 | F96: 0.875 | G96: حضور | H96: 0.41944444 | I96: 0.90555556 | J96: =IF(OR(H96="",G96="غياب",G96="إجازة أسبوعية"),0, IF(H96>=E96-TIME(0,20,0),0, IF(H96>=E96-TIME(0,30,0),30,(E96-H96)*1440))) -> 0 | K96: =(J96/60)*VLOOKUP(C96,Employees!A:J,10,0)*1.5 -> 0 | L96: =IF(OR(H96="",G96="غياب",G96="إجازة أسبوعية"),0, IF(H96<=E96+TIME(0,30,0),0, 30+((H96-(E96+TIME(0,30,0)))*1440))) -> 34 | M96: =(L96/60)*VLOOKUP(C96,Employees!A:J,10,0)*2 -> 24.485597 | N96: =IF(OR(I96="",G96="غياب",G96="إجازة أسبوعية",I96<=F96),0, IF(MOD(I96-F96,1)<=TIME(0,25,0),0,MAX(0,(I96-F96)*1440))) -> 44 | O96: =(N96/60)*VLOOKUP(C96,Employees!A:J,10,0)*1.5 -> 23.765432 | P96: =IF(G96="غياب",VLOOKUP(C96,Employees!$A$3:$J$36,9,FALSE()),0) -> 0
A97: 04/04/2025 | B97: السبت | C97: EMP-004 | D97: =VLOOKUP(C97,Employees!A:J,2,0) -> يوسف احمد | E97: 0.38958333 | F97: 0.875 | G97: حضور | H97: 0.40763889 | I97: 0.86319444 | J97: =IF(OR(H97="",G97="غياب",G97="إجازة أسبوعية"),0, IF(H97>=E97-TIME(0,20,0),0, IF(H97>=E97-TIME(0,30,0),30,(E97-H97)*1440))) -> 0 | K97: =(J97/60)*VLOOKUP(C97,Employees!A:J,10,0)*1.5 -> 0 | L97: =IF(OR(H97="",G97="غياب",G97="إجازة أسبوعية"),0, IF(H97<=E97+TIME(0,30,0),0, 30+((H97-(E97+TIME(0,30,0)))*1440))) -> 0 | M97: =(L97/60)*VLOOKUP(C97,Employees!A:J,10,0)*2 -> 0 | N97: =IF(OR(I97="",G97="غياب",G97="إجازة أسبوعية",I97<=F97),0, IF(MOD(I97-F97,1)<=TIME(0,25,0),0,MAX(0,(I97-F97)*1440))) -> 0 | O97: =(N97/60)*VLOOKUP(C97,Employees!A:J,10,0)*1.5 -> 0 | P97: =IF(G97="غياب",VLOOKUP(C97,Employees!$A$3:$J$36,9,FALSE()),0) -> 0
A98: 05/04/2025 | B98: الاحد | C98: EMP-004 | D98: =VLOOKUP(C98,Employees!A:J,2,0) -> يوسف احمد | E98: _ | F98: _ | G98: اجازة اسبوعية | H98: _ | I98: _ | J98: _ | K98: _ | L98: _ | M98: _ | N98: _ | O98: _ | P98: =IF(G98="غياب",VLOOKUP(C98,Employees!$A$3:$J$36,9,FALSE()),0) -> 0
A99: 06/04/2025 | B99: الاثنين | C99: EMP-004 | D99: =VLOOKUP(C99,Employees!A:J,2,0) -> يوسف احمد | E99: 0.40347222 | F99: 0.875 | G99: حضور | H99: 0.40625 | I99: 0.86458333 | J99: =IF(OR(H99="",G99="غياب",G99="إجازة أسبوعية"),0, IF(H99>=E99-TIME(0,20,0),0, IF(H99>=E99-TIME(0,30,0),30,(E99-H99)*1440))) -> 0 | K99: =(J99/60)*VLOOKUP(C99,Employees!A:J,10,0)*1.5 -> 0 | L99: =IF(OR(H99="",G99="غياب",G99="إجازة أسبوعية"),0, IF(H99<=E99+TIME(0,30,0),0, 30+((H99-(E99+TIME(0,30,0)))*1440))) -> 0 | M99: =(L99/60)*VLOOKUP(C99,Employees!A:J,10,0)*2 -> 0 | N99: =IF(OR(I99="",G99="غياب",G99="إجازة أسبوعية",I99<=F99),0, IF(MOD(I99-F99,1)<=TIME(0,25,0),0,MAX(0,(I99-F99)*1440))) -> 0 | O99: =(N99/60)*VLOOKUP(C99,Employees!A:J,10,0)*1.5 -> 0 | P99: =IF(G99="غياب",VLOOKUP(C99,Employees!$A$3:$J$36,9,FALSE()),0) -> 0
A100: 07/04/2025 | B100: الثلاثاء | C100: EMP-004 | D100: =VLOOKUP(C100,Employees!A:J,2,0) -> يوسف احمد | E100: 0.39652778 | F100: 0.875 | G100: حضور | H100: 0.40208333 | I100: 0.8625 | J100: =IF(OR(H100="",G100="غياب",G100="إجازة أسبوعية"),0, IF(H100>=E100-TIME(0,20,0),0, IF(H100>=E100-TIME(0,30,0),30,(E100-H100)*1440))) -> 0 | K100: =(J100/60)*VLOOKUP(C100,Employees!A:J,10,0)*1.5 -> 0 | L100: =IF(OR(H100="",G100="غياب",G100="إجازة أسبوعية"),0, IF(H100<=E100+TIME(0,30,0),0, 30+((H100-(E100+TIME(0,30,0)))*1440))) -> 0 | M100: =(L100/60)*VLOOKUP(C100,Employees!A:J,10,0)*2 -> 0 | N100: =IF(OR(I100="",G100="غياب",G100="إجازة أسبوعية",I100<=F100),0, IF(MOD(I100-F100,1)<=TIME(0,25,0),0,MAX(0,(I100-F100)*1440))) -> 0 | O100: =(N100/60)*VLOOKUP(C100,Employees!A:J,10,0)*1.5 -> 0 | P100: =IF(G100="غياب",VLOOKUP(C100,Employees!$A$3:$J$36,9,FALSE()),0) -> 0
...

Sheet Advances & Deductions
A1: السلف والخصومات - أبريل 2025
A2: كود الموظف | B2: اسم الموظف | C2: الوظيفة | D2: سلف اول اسبوع | E2: سلف ثانى اسبوع | F2: سلف ثالث اسبوع | G2: سلف رابع اسبوع | H2: اجمالى السلف | I2: خصومات أخرى | J2: NOTES
A3: EMP-001 | B3: احمد خالد | C3: مدير مبيعات | D3: 0 | E3: 2000 | F3: 2500 | G3: 2500 | H3: =G3+F3+E3+D3 -> 7000 | I3: 0
A4: EMP-002 | B4: هشام عادل | C4: مدير مبيعات | D4: 700 | E4: 5700 | F4: 800 | G4: 500 | H4: =G4+F4+E4+D4 -> 7700 | I4: 0
A5: EMP-003 | B5: احمد الشاذلى | C5: مبيعات | D5: 0 | E5: 4000 | F5: 0 | G5: 0 | H5: =G5+F5+E5+D5 -> 4000 | I5: 0
A6: EMP-004 | B6: يوسف احمد | C6: مبيعات | D6: 1300 | E6: 1300 | F6: 1300 | G6: 1300 | H6: =G6+F6+E6+D6 -> 5200 | I6: 0
A7: EMP-005 | B7: محمد السيد | C7: مبيعات | D7: 1200 | E7: 1500 | F7: 1500 | G7: 1300 | H7: =G7+F7+E7+D7 -> 5500 | I7: 0
A8: EMP-006 | B8: يحي طارق | C8: مبيعات | D8: 1300 | E8: 1300 | F8: 1300 | G8: 1300 | H8: =G8+F8+E8+D8 -> 5200 | I8: 0
A9: EMP-007 | B9: عابدين محمد | C9: مبيعات | D9: 1300 | E9: 1300 | F9: 1600 | G9: 1300 | H9: =G9+F9+E9+D9 -> 5500 | I9: 0
A10: EMP-008 | B10: احمد رمصان | C10: مبيعات | D10: 800 | E10: 2500 | F10: 700 | G10: 1000 | H10: =G10+F10+E10+D10 -> 5000 | I10: 0
A11: EMP-009 | B11: هشام اشرف | C11: مبيعات | D11: 1100 | E11: 1100 | F11: 1100 | G11: 1500 | H11: =G11+F11+E11+D11 -> 4800 | I11: 0
A12: EMP-010 | B12: محمود اسماعيل | C12: مبيعات | D12: 1000 | E12: 0 | F12: 0 | G12: 0 | H12: =G12+F12+E12+D12 -> 1000 | I12: 0
A13: EMP-011 | B13: ابراهيم خليفة | C13: مبيعات | D13: 500 | E13: 5000 | F13: 1000 | G13: 1000 | H13: =G13+F13+E13+D13 -> 7500 | I13: 0
A14: EMP-012 | B14: طارق سعد | C14: مبيعات | D14: 0 | E14: 0 | F14: 0 | G14: 0 | H14: =G14+F14+E14+D14 -> 0 | I14: 0
... A24: EMP-022 | B24: مصطفى شريف | C24: اداره | D24: 1300 | E24: 1300 | F24: 1300 | G24: 0 | H24: =G24+F24+E24+D24 -> 3900 | I24: 0
A25: EMP-023 | B25: احمد اشرف | C25: اداره | E25: 1300 | G25: 850 | H25: =G25+F25+E25+D25 -> 2150 | I25: 4000 | J25: بمعرفة الحاج ياسر
A26: EMP-024 | B26: منى ناصر | C26: تسويق | D26: 1200 | E26: 1200 | F26: 1200 | G26: 1200 | H26: =G26+F26+E26+D26 -> 4800 | I26: 1400 | J26: عجز نقدية هارون المالكي
A27: EMP-025 | B27: مريم فتح الله | C27: تسويق | D27: 0 | E27: 0 | F27: 0 | G27: 0 | H27: =G27+F27+E27+D27 -> 0 | I27: 0
A28: EMP-026 | B28: ساميه محمد | C28: تسويق | E28: 1200 | F28: 1200 | G28: 0 | H28: =G28+F28+E28+D28 -> 2400 | I28: 0
A29: EMP-027 | B29: غادة منير | C29: تسويق | D29: 1500 | E29: 500 | F29: 500 | H29: =G29+F29+E29+D29 -> 2500 | I29: 0
A30: EMP-028 | B30: هيام عبدالرحيم | C30: تسويق | D30: 0 | E30: 0 | F30: 0 | G30: 0 | H30: =G30+F30+E30+D30 -> 0 | I30: 0
A31: EMP-029 | B31: يونس خالد | C31: تسويق | D31: 950 | E31: 950 | F31: 950 | G31: 950 | H31: =G31+F31+E31+D31 -> 3800 | I31: 0
A32: EMP-030 | B32: محمد طارق | C32: تسويق | D32: 0 | E32: 0 | F32: 0 | G32: 0 | H32: =G32+F32+E32+D32 -> 0 | I32: 0
A33: EMP-031 | B33: انس انور | C33: اداره | E33: 0 | F33: 1300 | G33: 1300 | H33: =G33+F33+E33+D33 -> 2600 | I33: 0
A34: EMP-032 | B34: مراون عادل | C34: اداره | D34: 1000 | E34: 0 | F34: 0 | G34: 0 | H34: =G34+F34+E34+D34 -> 1000 | I34: 0
A35: EMP-033 | B35: سعد محمد | C35: اداره | D35: 0 | E35: 0 | F35: 0 | G35: 0 | H35: =G35+F35+E35+D35 -> 0 | I35: 0
A36: الإجمالي | D36: =SUM(D3:D35) -> 23050 | E36: =SUM(E3:E35) -> 39650 | F36: =SUM(F3:F35) -> 25550 | G36: =SUM(G3:G35) -> 23500 | H36: =SUM(H3:H35) -> 111750 | I36: =SUM(I3:I35) -> 5400

Sheet Payroll Summary
A1: ملخص المرتبات - أبريل 2025
A2: كود الموظف | B2: اسم الموظف | C2: الوظيفة | D2: المرتب الأساسي | E2: خصم الغياب | F2: خصم التأخير | G2: إجمالي الأوفر تايم | H2: اجمالى الحضور المبكر | I2: السلف | J2: الخصومات الأخرى | K2: صافي المرتب
A3: EMP-001 | B3: احمد خالد | C3: مدير مبيعات | D3: =VLOOKUP(A3,Employees!A:J,4,0) -> 10000 | E3: =SUMIF(Attendance!$C$4:$C$993,A3,Attendance!$P$4:$P$993) -> 0 | F3: =SUMIF(Attendance!$C$4:$C$993,A3,Attendance!$M$4:$M$993) -> 0 | G3: =SUMIF(Attendance!$C$4:$C$993,A3,Attendance!$O$4:$O$993) -> 0 | H3: =SUMIF(Attendance!$C$4:$C$993,'Payroll Summary'!A3,Attendance!$K$4:$K$993) -> 0 | I3: ='Advances & Deductions'!H3 -> 7000 | J3: ='Advances & Deductions'!I3 -> 0 | K3: =D3-E3-F3-I3-J3+G3+H3 -> 3000
A4: EMP-002 | B4: هشام عادل | C4: مدير مبيعات | D4: =VLOOKUP(A4,Employees!A:J,4,0) -> 9000 | E4: =SUMIF(Attendance!$C$4:$C$993,A4,Attendance!$P$4:$P$993) -> 0 | F4: =SUMIF(Attendance!$C$4:$C$993,A4,Attendance!$M$4:$M$993) -> 0 | G4: =SUMIF(Attendance!$C$4:$C$993,A4,Attendance!$O$4:$O$993) -> 0 | H4: =SUMIF(Attendance!$C$4:$C$993,'Payroll Summary'!A4,Attendance!$K$4:$K$993) -> 0 | I4: ='Advances & Deductions'!H4 -> 7700 | J4: ='Advances & Deductions'!I4 -> 0 | K4: =D4-E4-F4-I4-J4+G4+H4 -> 1300
A5: EMP-003 | B5: احمد الشاذلى | C5: مبيعات | D5: =VLOOKUP(A5,Employees!A:J,4,0) -> 7000 | E5: =SUMIF(Attendance!$C$4:$C$993,A5,Attendance!$P$4:$P$993) -> 1037.037 | F5: =SUMIF(Attendance!$C$4:$C$993,A5,Attendance!$M$4:$M$993) -> 208.36763 | G5: =SUMIF(Attendance!$C$4:$C$993,A5,Attendance!$O$4:$O$993) -> 67.695473 | H5: =SUMIF(Attendance!$C$4:$C$993,'Payroll Summary'!A5,Attendance!$K$4:$K$993) -> 0 | I5: ='Advances & Deductions'!H5 -> 4000 | J5: ='Advances & Deductions'!I5 -> 0 | K5: =D5-E5-F5-I5-J5+G5+H5 -> 1822.2908
A6: EMP-004 | B6: يوسف احمد | C6: مبيعات | D6: =VLOOKUP(A6,Employees!A:J,4,0) -> 7000 | E6: =SUMIF(Attendance!$C$4:$C$993,A6,Attendance!$P$4:$P$993) -> 0 | F6: =SUMIF(Attendance!$C$4:$C$993,A6,Attendance!$M$4:$M$993) -> 75.617284 | G6: =SUMIF(Attendance!$C$4:$C$993,A6,Attendance!$O$4:$O$993) -> 104.78395 | H6: =SUMIF(Attendance!$C$4:$C$993,'Payroll Summary'!A6,Attendance!$K$4:$K$993) -> 0 | I6: ='Advances & Deductions'!H6 -> 5200 | J6: ='Advances & Deductions'!I6 -> 0 | K6: =D6-E6-F6-I6-J6+G6+H6 -> 1829.1667
A7: EMP-005 | B7: محمد السيد | C7: مبيعات | D7: =VLOOKUP(A7,Employees!A:J,4,0) -> 7000 | E7: =SUMIF(Attendance!$C$4:$C$993,A7,Attendance!$P$4:$P$993) -> 259.25926 | F7: =SUMIF(Attendance!$C$4:$C$993,A7,Attendance!$M$4:$M$993) -> 390.32922 | G7: =SUMIF(Attendance!$C$4:$C$993,A7,Attendance!$O$4:$O$993) -> 53.472222 | H7: =SUMIF(Attendance!$C$4:$C$993,'Payroll Summary'!A7,Attendance!$K$4:$K$993) -> 0 | I7: ='Advances & Deductions'!H7 -> 5500 | J7: ='Advances & Deductions'!I7 -> 0 | K7: =D7-E7-F7-I7-J7+G7+H7 -> 903.88374
A8: EMP-006 | B8: يحي طارق | C8: مبيعات | D8: =VLOOKUP(A8,Employees!A:J,4,0) -> 7000 | E8: =SUMIF(Attendance!$C$4:$C$993,A8,Attendance!$P$4:$P$993) -> 777.77778 | F8: =SUMIF(Attendance!$C$4:$C$993,A8,Attendance!$M$4:$M$993) -> 1814.0947 | G8: =SUMIF(Attendance!$C$4:$C$993,A8,Attendance!$O$4:$O$993) -> 242.51543 | H8: =SUMIF(Attendance!$C$4:$C$993,'Payroll Summary'!A8,Attendance!$K$4:$K$993) -> 0 | I8: ='Advances & Deductions'!H8 -> 5200 | J8: ='Advances & Deductions'!I8 -> 0 | K8: =D8-E8-F8-I8-J8+G8+H8 -> -549.357
A9: EMP-007 | B9: عابدين محمد | C9: مبيعات | D9: =VLOOKUP(A9,Employees!A:J,4,0) -> 7000 | E9: =SUMIF(Attendance!$C$4:$C$993,A9,Attendance!$P$4:$P$993) -> 1037.037 | F9: =SUMIF(Attendance!$C$4:$C$993,A9,Attendance!$M$4:$M$993) -> 2008.5391 | G9: =SUMIF(Attendance!$C$4:$C$993,A9,Attendance!$O$4:$O$993) -> 126.38889 | H9: =SUMIF(Attendance!$C$4:$C$993,'Payroll Summary'!A9,Attendance!$K$4:$K$993) -> 0 | I9: ='Advances & Deductions'!H9 -> 5500 | J9: ='Advances & Deductions'!I9 -> 0 | K9: =D9-E9-F9-I9-J9+G9+H9 -> -1419.1872
A10: EMP-008 | B10: احمد رمصان | C10: مبيعات | D10: =VLOOKUP(A10,Employees!A:J,4,0) -> 7000 | E10: =SUMIF(Attendance!$C$4:$C$993,A10,Attendance!$P$4:$P$993) -> 0 | F10: =SUMIF(Attendance!$C$4:$C$993,A10,Attendance!$M$4:$M$993) -> 0 | G10: =SUMIF(Attendance!$C$4:$C$993,A10,Attendance!$O$4:$O$993) -> 64.814815 | H10: =SUMIF(Attendance!$C$4:$C$993,'Payroll Summary'!A10,Attendance!$K$4:$K$993) -> 0 | I10: ='Advances & Deductions'!H10 -> 5000 | J10: ='Advances & Deductions'!I10 -> 0 | K10: =D10-E10-F10-I10-J10+G10+H10 -> 2064.8148
A11: EMP-009 | B11: هشام اشرف | C11: مبيعات | D11: =VLOOKUP(A11,Employees!A:J,4,0) -> 7000 | E11: =SUMIF(Attendance!$C$4:$C$993,A11,Attendance!$P$4:$P$993) -> 0 | F11: =SUMIF(Attendance!$C$4:$C$993,A11,Attendance!$M$4:$M$993) -> 93.621399 | G11: =SUMIF(Attendance!$C$4:$C$993,A11,Attendance!$O$4:$O$993) -> 156.6358 | H11: =SUMIF(Attendance!$C$4:$C$993,'Payroll Summary'!A11,Attendance!$K$4:$K$993) -> 0 | I11: ='Advances & Deductions'!H11 -> 4800 | J11: ='Advances & Deductions'!I11 -> 0 | K11: =D11-E11-F11-I11-J11+G11+H11 -> 2263.0144
A12: EMP-010 | B12: محمود اسماعيل | C12: مبيعات | D12: =VLOOKUP(A12,Employees!A:J,4,0) -> 7000 | E12: =SUMIF(Attendance!$C$4:$C$993,A12,Attendance!$P$4:$P$993) -> 259.25926 | F12: =SUMIF(Attendance!$C$4:$C$993,A12,Attendance!$M$4:$M$993) -> 0 | G12: =SUMIF(Attendance!$C$4:$C$993,A12,Attendance!$O$4:$O$993) -> 114.81481 | H12: =SUMIF(Attendance!$C$4:$C$993,'Payroll Summary'!A12,Attendance!$K$4:$K$993) -> 27.777778 | I12: ='Advances & Deductions'!H12 -> 1000 | J12: ='Advances & Deductions'!I12 -> 0 | K12: =D12-E12-F12-I12-J12+G12+H12 -> 5883.3333
A13: EMP-011 | B13: ابراهيم خليفة | C13: مبيعات | D13: =VLOOKUP(A13,Employees!A:J,4,0) -> 7000 | E13: =SUMIF(Attendance!$C$4:$C$993,A13,Attendance!$P$4:$P$993) -> 0 | F13: =SUMIF(Attendance!$C$4:$C$993,A13,Attendance!$M$4:$M$993) -> 0 | G13: =SUMIF(Attendance!$C$4:$C$993,A13,Attendance!$O$4:$O$993) -> 974.92284 | H13: =SUMIF(Attendance!$C$4:$C$993,'Payroll Summary'!A13,Attendance!$K$4:$K$993) -> 0 | I13: ='Advances & Deductions'!H13 -> 7500 | J13: ='Advances & Deductions'!I13 -> 0 | K13: =D13-E13-F13-I13-J13+G13+H13 -> 474.92284
A14: EMP-012 | B14: طارق سعد | C14: مبيعات | D14: =VLOOKUP(A14,Employees!A:J,4,0) -> 7000 | E14: =SUMIF(Attendance!$C$4:$C$993,A14,Attendance!$P$4:$P$993) -> 0 | F14: =SUMIF(Attendance!$C$4:$C$993,A14,Attendance!$M$4:$M$993) -> 0 | G14: =SUMIF(Attendance!$C$4:$C$993,A14,Attendance!$O$4:$O$993) -> 0 | H14: =SUMIF(Attendance!$C$4:$C$993,'Payroll Summary'!A14,Attendance!$K$4:$K$993) -> 0 | I14: ='Advances & Deductions'!H14 -> 0 | J14: ='Advances & Deductions'!I14 -> 0 | K14: =D14-E14-F14-I14-J14+G14+H14 -> 7000
... A35: EMP-033 | B35: سعد محمد | C35: اداره | D35: =VLOOKUP(A35,Employees!A:J,4,0) -> 12000 | E35: =SUMIF(Attendance!$C$4:$C$993,A35,Attendance!$P$4:$P$993) -> 0 | F35: =SUMIF(Attendance!$C$4:$C$993,A35,Attendance!$M$4:$M$993) -> 0 | G35: =SUMIF(Attendance!$C$4:$C$993,A35,Attendance!$O$4:$O$993) -> 0 | H35: =SUMIF(Attendance!$C$4:$C$993,'Payroll Summary'!A35,Attendance!$K$4:$K$993) -> 0 | I35: ='Advances & Deductions'!H35 -> 0 | J35: ='Advances & Deductions'!I35 -> 0 | K35: =D35-E35-F35-I35-J35+G35+H35 -> 12000
A36: الإجمالي الكلي | D36: =SUM(D3:D35) -> 294500 | E36: =SUM(E3:E35) -> 21185.185 | F36: =SUM(F3:F35) -> 7934.8903 | G36: =SUM(G3:G35) -> 7126.3735 | H36: =SUM(H3:H35) -> 409.72222 | I36: =SUM(I3:I35) -> 111750 | J36: =SUM(J3:J35) -> 5400 | K36: =SUM(K3:K35) -> 155766.02

Sheet Dashboard
A1: لوحة التحكم - ملخص المرتبات - أبريل 2025
A3: إجمالي الرواتب الأساسية | C3: إجمالي السلف | E3: إجمالي الخصومات الأخرى | G3: إجمالي خصم الغياب
A4: ='Payroll Summary'!D36 -> 294500 | C4: ='Payroll Summary'!I36 -> 111750 | E4: ='Payroll Summary'!J36 -> 5400 | G4: ='Payroll Summary'!E36 -> 21185.185
A6: إجمالي خصم التأخير | C6: إجمالي الأوفر تايم | E6: إجمالي صافي المرتبات | G6: اجمالى الحضور المبكر
A7: ='Payroll Summary'!F36 -> 7934.8903 | C7: ='Payroll Summary'!G36 -> 7126.3735 | E7: ='Payroll Summary'!K36 -> 155766.02 | G7: ='Payroll Summary'!H36 -> 409.72222
A10: ملخص تفصيلي لكل موظف
A11: الاسم | B11: الوظيفة | C11: المرتب | D11: الغياب | E11: التأخير | F11: الأوفر تايم | G11: السلف | H11: صافي المرتب
A12: ='Payroll Summary'!B3 -> احمد خالد | B12: ='Payroll Summary'!C3 -> مدير مبيعات | C12: ='Payroll Summary'!D3 -> 10000 | D12: ='Payroll Summary'!E3 -> 0 | E12: ='Payroll Summary'!F3 -> 0 | F12: ='Payroll Summary'!G3 -> 0 | G12: ='Payroll Summary'!I3 -> 7000 | H12: ='Payroll Summary'!K3 -> 3000
A13: ='Payroll Summary'!B4 -> هشام عادل | B13: ='Payroll Summary'!C4 -> مدير مبيعات | C13: ='Payroll Summary'!D4 -> 9000 | D13: ='Payroll Summary'!E4 -> 0 | E13: ='Payroll Summary'!F4 -> 0 | F13: ='Payroll Summary'!G4 -> 0 | G13: ='Payroll Summary'!I4 -> 7700 | H13: ='Payroll Summary'!K4 -> 1300
A14: ='Payroll Summary'!B5 -> احمد الشاذلى | B14: ='Payroll Summary'!C5 -> مبيعات | C14: ='Payroll Summary'!D5 -> 7000 | D14: ='Payroll Summary'!E5 -> 1037.037 | E14: ='Payroll Summary'!F5 -> 208.36763 | F14: ='Payroll Summary'!G5 -> 67.695473 | G14: ='Payroll Summary'!I5 -> 4000 | H14: ='Payroll Summary'!K5 -> 1822.2908
A15: ='Payroll Summary'!B6 -> يوسف احمد | B15: ='Payroll Summary'!C6 -> مبيعات | C15: ='Payroll Summary'!D6 -> 7000 | D15: ='Payroll Summary'!E6 -> 0 | E15: ='Payroll Summary'!F6 -> 75.617284 | F15: ='Payroll Summary'!G6 -> 104.78395 | G15: ='Payroll Summary'!I6 -> 5200 | H15: ='Payroll Summary'!K6 -> 1829.1667
A16: ='Payroll Summary'!B7 -> محمد السيد | B16: ='Payroll Summary'!C7 -> مبيعات | C16: ='Payroll Summary'!D7 -> 7000 | D16: ='Payroll Summary'!E7 -> 259.25926 | E16: ='Payroll Summary'!F7 -> 390.32922 | F16: ='Payroll Summary'!G7 -> 53.472222 | G16: ='Payroll Summary'!I7 -> 5500 | H16: ='Payroll Summary'!K7 -> 903.88374
A17: ='Payroll Summary'!B8 -> يحي طارق | B17: ='Payroll Summary'!C8 -> مبيعات | C17: ='Payroll Summary'!D8 -> 7000 | D17: ='Payroll Summary'!E8 -> 777.77778 | E17: ='Payroll Summary'!F8 -> 1814.0947 | F17: ='Payroll Summary'!G8 -> 242.51543 | G17: ='Payroll Summary'!I8 -> 5200 | H17: ='Payroll Summary'!K8 -> -549.357
A18: ='Payroll Summary'!B9 -> عابدين محمد | B18: ='Payroll Summary'!C9 -> مبيعات | C18: ='Payroll Summary'!D9 -> 7000 | D18: ='Payroll Summary'!E9 -> 1037.037 | E18: ='Payroll Summary'!F9 -> 2008.5391 | F18: ='Payroll Summary'!G9 -> 126.38889 | G18: ='Payroll Summary'!I9 -> 5500 | H18: ='Payroll Summary'!K9 -> -1419.1872
A19: ='Payroll Summary'!B10 -> احمد رمصان | B19: ='Payroll Summary'!C10 -> مبيعات | C19: ='Payroll Summary'!D10 -> 7000 | D19: ='Payroll Summary'!E10 -> 0 | E19: ='Payroll Summary'!F10 -> 0 | F19: ='Payroll Summary'!G10 -> 64.814815 | G19: ='Payroll Summary'!I10 -> 5000 | H19: ='Payroll Summary'!K10 -> 2064.8148
A20: ='Payroll Summary'!B11 -> هشام اشرف | B20: ='Payroll Summary'!C11 -> مبيعات | C20: ='Payroll Summary'!D11 -> 7000 | D20: ='Payroll Summary'!E11 -> 0 | E20: ='Payroll Summary'!F11 -> 93.621399 | F20: ='Payroll Summary'!G11 -> 156.6358 | G20: ='Payroll Summary'!I11 -> 4800 | H20: ='Payroll Summary'!K11 -> 2263.0144
A21: ='Payroll Summary'!B12 -> محمود اسماعيل | B21: ='Payroll Summary'!C12 -> مبيعات | C21: ='Payroll Summary'!D12 -> 7000 | D21: ='Payroll Summary'!E12 -> 259.25926 | E21: ='Payroll Summary'!F12 -> 0 | F21: ='Payroll Summary'!G12 -> 114.81481 | G21: ='Payroll Summary'!I12 -> 1000 | H21: ='Payroll Summary'!K12 -> 5883.3333
A22: ='Payroll Summary'!B13 -> ابراهيم خليفة | B22: ='Payroll Summary'!C13 -> مبيعات | C22: ='Payroll Summary'!D13 -> 7000 | D22: ='Payroll Summary'!E13 -> 0 | E22: ='Payroll Summary'!F13 -> 0 | F22: ='Payroll Summary'!G13 -> 974.92284 | G22: ='Payroll Summary'!I13 -> 7500 | H22: ='Payroll Summary'!K13 -> 474.92284
A23: ='Payroll Summary'!B14 -> طارق سعد | B23: ='Payroll Summary'!C14 -> مبيعات | C23: ='Payroll Summary'!D14 -> 7000 | D23: ='Payroll Summary'!E14 -> 0 | E23: ='Payroll Summary'!F14 -> 0 | F23: ='Payroll Summary'!G14 -> 0 | G23: ='Payroll Summary'!I14 -> 0 | H23: ='Payroll Summary'!K14 -> 7000
... A44: ='Payroll Summary'!B35 -> سعد محمد | B44: ='Payroll Summary'!C35 -> اداره | C44: ='Payroll Summary'!D35 -> 12000 | D44: ='Payroll Summary'!E35 -> 0 | E44: ='Payroll Summary'!F35 -> 0 | F44: ='Payroll Summary'!G35 -> 0 | G44: ='Payroll Summary'!I35 -> 0 | H44: ='Payroll Summary'!K35 -> 12000
